Day,Market Participant,Total Trade Count
15-07-2024,NYSE American (A),210177
15-07-2024,NASDAQ BX (B),408700
15-07-2024,NYSE National (C),406895
15-07-2024,FINRA / Nasdaq TRF Chicago (DB),182218
15-07-2024,FINRA / NYSE TRF (DN),1291161
15-07-2024,FINRA / Nasdaq TRF Carteret (DQ),29250334
15-07-2024,MIAX Pearl (H),1268074
15-07-2024,EDGA Equities (J),1154600
15-07-2024,EDGX Equities (K),4235361
15-07-2024,LTSE (L),1019
15-07-2024,NYSE Chicago (M),290973
15-07-2024,NYSE (N),4216105
15-07-2024,NYSE Arca (P),7218681
15-07-2024,NASDAQ (Q),16941180
15-07-2024,Members Exchange (U),2230880
15-07-2024,Investors Exchange (V),2502931
15-07-2024,NASDAQ PSX (X),239751
15-07-2024,BYX Equities (Y),808669
15-07-2024,BZX Equities (Z),5372910
12-07-2024,NYSE American (A),221543
12-07-2024,NASDAQ BX (B),366428
12-07-2024,NYSE National (C),353428
12-07-2024,FINRA / Nasdaq TRF Chicago (DB),162743
12-07-2024,FINRA / NYSE TRF (DN),1242470
12-07-2024,FINRA / Nasdaq TRF Carteret (DQ),27418322
12-07-2024,MIAX Pearl (H),1176862
12-07-2024,EDGA Equities (J),1155749
12-07-2024,EDGX Equities (K),4065065
12-07-2024,LTSE (L),940
12-07-2024,NYSE Chicago (M),271154
12-07-2024,NYSE (N),4124311
12-07-2024,NYSE Arca (P),6699150
12-07-2024,NASDAQ (Q),16416139
12-07-2024,Members Exchange (U),2171459
12-07-2024,Investors Exchange (V),2487174
12-07-2024,NASDAQ PSX (X),247799
12-07-2024,BYX Equities (Y),774857
12-07-2024,BZX Equities (Z),5197297
11-07-2024,NYSE American (A),238490
11-07-2024,NASDAQ BX (B),452685
11-07-2024,NYSE National (C),426777
11-07-2024,FINRA / Nasdaq TRF Chicago (DB),197608
11-07-2024,FINRA / NYSE TRF (DN),1317231
11-07-2024,FINRA / Nasdaq TRF Carteret (DQ),30283475
11-07-2024,MIAX Pearl (H),1478528
11-07-2024,EDGA Equities (J),1452113
11-07-2024,EDGX Equities (K),4808898
11-07-2024,LTSE (L),845
11-07-2024,NYSE Chicago (M),340397
11-07-2024,NYSE (N),4686027
11-07-2024,NYSE Arca (P),8357376
11-07-2024,NASDAQ (Q),19222850
11-07-2024,Members Exchange (U),2610815
11-07-2024,Investors Exchange (V),2777843
11-07-2024,NASDAQ PSX (X),295812
11-07-2024,BYX Equities (Y),904577
11-07-2024,BZX Equities (Z),6031722
10-07-2024,NYSE American (A),178601
10-07-2024,NASDAQ BX (B),318984
10-07-2024,NYSE National (C),306530
10-07-2024,FINRA / Nasdaq TRF Chicago (DB),153123
10-07-2024,FINRA / NYSE TRF (DN),1160857
10-07-2024,FINRA / Nasdaq TRF Carteret (DQ),26315935
10-07-2024,MIAX Pearl (H),1017063
10-07-2024,EDGA Equities (J),1013296
10-07-2024,EDGX Equities (K),3597547
10-07-2024,LTSE (L),1020
10-07-2024,NYSE Chicago (M),273650
10-07-2024,NYSE (N),3597176
10-07-2024,NYSE Arca (P),6072127
10-07-2024,NASDAQ (Q),13931639
10-07-2024,Members Exchange (U),1914217
10-07-2024,Investors Exchange (V),2295636
10-07-2024,NASDAQ PSX (X),208588
10-07-2024,BYX Equities (Y),706200
10-07-2024,BZX Equities (Z),4498617
09-07-2024,NYSE American (A),181563
09-07-2024,NASDAQ BX (B),339662
09-07-2024,NYSE National (C),300799
09-07-2024,FINRA / Nasdaq TRF Chicago (DB),156054
09-07-2024,FINRA / NYSE TRF (DN),1130328
09-07-2024,FINRA / Nasdaq TRF Carteret (DQ),26049310
09-07-2024,MIAX Pearl (H),989330
09-07-2024,EDGA Equities (J),1013456
09-07-2024,EDGX Equities (K),3591511
09-07-2024,LTSE (L),1114
09-07-2024,NYSE Chicago (M),251324
09-07-2024,NYSE (N),3561458
09-07-2024,NYSE Arca (P),5961070
09-07-2024,NASDAQ (Q),13940057
09-07-2024,Members Exchange (U),1906417
09-07-2024,Investors Exchange (V),2432157
09-07-2024,NASDAQ PSX (X),221903
09-07-2024,BYX Equities (Y),689543
09-07-2024,BZX Equities (Z),4445079
08-07-2024,NYSE American (A),188904
08-07-2024,NASDAQ BX (B),332710
08-07-2024,NYSE National (C),299745
08-07-2024,FINRA / Nasdaq TRF Chicago (DB),165184
08-07-2024,FINRA / NYSE TRF (DN),1139568
08-07-2024,FINRA / Nasdaq TRF Carteret (DQ),27187952
08-07-2024,MIAX Pearl (H),968496
08-07-2024,EDGA Equities (J),1049487
08-07-2024,EDGX Equities (K),3555884
08-07-2024,LTSE (L),1003
08-07-2024,NYSE Chicago (M),275100
08-07-2024,NYSE (N),3464430
08-07-2024,NYSE Arca (P),6006028
08-07-2024,NASDAQ (Q),13585790
08-07-2024,Members Exchange (U),1889862
08-07-2024,Investors Exchange (V),2395522
08-07-2024,NASDAQ PSX (X),213459
08-07-2024,BYX Equities (Y),683002
08-07-2024,BZX Equities (Z),4438385
05-07-2024,NYSE American (A),178352
05-07-2024,NASDAQ BX (B),307618
05-07-2024,NYSE National (C),305302
05-07-2024,FINRA / Nasdaq TRF Chicago (DB),161898
05-07-2024,FINRA / NYSE TRF (DN),1156825
05-07-2024,FINRA / Nasdaq TRF Carteret (DQ),25368704
05-07-2024,MIAX Pearl (H),1033310
05-07-2024,EDGA Equities (J),1005789
05-07-2024,EDGX Equities (K),3385963
05-07-2024,LTSE (L),1322
05-07-2024,NYSE Chicago (M),274828
05-07-2024,NYSE (N),3511791
05-07-2024,NYSE Arca (P),5957100
05-07-2024,NASDAQ (Q),13161344
05-07-2024,Members Exchange (U),1923007
05-07-2024,Investors Exchange (V),2246849
05-07-2024,NASDAQ PSX (X),209722
05-07-2024,BYX Equities (Y),674372
05-07-2024,BZX Equities (Z),4445098
03-07-2024,NYSE American (A),131285
03-07-2024,NASDAQ BX (B),237738
03-07-2024,NYSE National (C),199836
03-07-2024,FINRA / Nasdaq TRF Chicago (DB),114493
03-07-2024,FINRA / NYSE TRF (DN),904680
03-07-2024,FINRA / Nasdaq TRF Carteret (DQ),18379469
03-07-2024,MIAX Pearl (H),747930
03-07-2024,EDGA Equities (J),714564
03-07-2024,EDGX Equities (K),2648359
03-07-2024,LTSE (L),523
03-07-2024,NYSE Chicago (M),194952
03-07-2024,NYSE (N),2443489
03-07-2024,NYSE Arca (P),4483684
03-07-2024,NASDAQ (Q),9645084
03-07-2024,Members Exchange (U),1338272
03-07-2024,Investors Exchange (V),1568973
03-07-2024,NASDAQ PSX (X),147584
03-07-2024,BYX Equities (Y),468331
03-07-2024,BZX Equities (Z),3216883
02-07-2024,NYSE American (A),235354
02-07-2024,NASDAQ BX (B),333869
02-07-2024,NYSE National (C),340399
02-07-2024,FINRA / Nasdaq TRF Chicago (DB),130926
02-07-2024,FINRA / NYSE TRF (DN),1054068
02-07-2024,FINRA / Nasdaq TRF Carteret (DQ),26683688
02-07-2024,MIAX Pearl (H),991653
02-07-2024,EDGA Equities (J),1082548
02-07-2024,EDGX Equities (K),3325675
02-07-2024,LTSE (L),1018
02-07-2024,NYSE Chicago (M),269476
02-07-2024,NYSE (N),3672756
02-07-2024,NYSE Arca (P),5880317
02-07-2024,NASDAQ (Q),13831642
02-07-2024,Members Exchange (U),1825454
02-07-2024,Investors Exchange (V),2383737
02-07-2024,NASDAQ PSX (X),214368
02-07-2024,BYX Equities (Y),729131
02-07-2024,BZX Equities (Z),4481467
01-07-2024,NYSE American (A),263626
01-07-2024,NASDAQ BX (B),379667
01-07-2024,NYSE National (C),364826
01-07-2024,FINRA / Nasdaq TRF Chicago (DB),162900
01-07-2024,FINRA / NYSE TRF (DN),1115114
01-07-2024,FINRA / Nasdaq TRF Carteret (DQ),29022134
01-07-2024,MIAX Pearl (H),1106385
01-07-2024,EDGA Equities (J),1226454
01-07-2024,EDGX Equities (K),3676361
01-07-2024,LTSE (L),1105
01-07-2024,NYSE Chicago (M),340436
01-07-2024,NYSE (N),4197214
01-07-2024,NYSE Arca (P),6665340
01-07-2024,NASDAQ (Q),15977711
01-07-2024,Members Exchange (U),2066027
01-07-2024,Investors Exchange (V),2554862
01-07-2024,NASDAQ PSX (X),239210
01-07-2024,BYX Equities (Y),786378
01-07-2024,BZX Equities (Z),4886292
28-06-2024,NYSE American (A),286261
28-06-2024,NASDAQ BX (B),428643
28-06-2024,NYSE National (C),403781
28-06-2024,FINRA / Nasdaq TRF Chicago (DB),146305
28-06-2024,FINRA / NYSE TRF (DN),1093804
28-06-2024,FINRA / Nasdaq TRF Carteret (DQ),30840105
28-06-2024,MIAX Pearl (H),1269464
28-06-2024,EDGA Equities (J),1202771
28-06-2024,EDGX Equities (K),3818526
28-06-2024,LTSE (L),975
28-06-2024,NYSE Chicago (M),354699
28-06-2024,NYSE (N),4868249
28-06-2024,NYSE Arca (P),7043535
28-06-2024,NASDAQ (Q),17677691
28-06-2024,Members Exchange (U),2282288
28-06-2024,Investors Exchange (V),3268207
28-06-2024,NASDAQ PSX (X),257994
28-06-2024,BYX Equities (Y),972524
28-06-2024,BZX Equities (Z),5646507
27-06-2024,NYSE American (A),235112
27-06-2024,NASDAQ BX (B),412726
27-06-2024,NYSE National (C),325524
27-06-2024,FINRA / Nasdaq TRF Chicago (DB),133868
27-06-2024,FINRA / NYSE TRF (DN),1025507
27-06-2024,FINRA / Nasdaq TRF Carteret (DQ),27295198
27-06-2024,MIAX Pearl (H),1035029
27-06-2024,EDGA Equities (J),1042293
27-06-2024,EDGX Equities (K),3483294
27-06-2024,LTSE (L),1496
27-06-2024,NYSE Chicago (M),296072
27-06-2024,NYSE (N),3983241
27-06-2024,NYSE Arca (P),6113924
27-06-2024,NASDAQ (Q),15107831
27-06-2024,Members Exchange (U),1976786
27-06-2024,Investors Exchange (V),2832833
27-06-2024,NASDAQ PSX (X),205565
27-06-2024,BYX Equities (Y),825010
27-06-2024,BZX Equities (Z),4692340
26-06-2024,NYSE American (A),212553
26-06-2024,NASDAQ BX (B),342009
26-06-2024,NYSE National (C),337935
26-06-2024,FINRA / Nasdaq TRF Chicago (DB),138409
26-06-2024,FINRA / NYSE TRF (DN),1063918
26-06-2024,FINRA / Nasdaq TRF Carteret (DQ),27223157
26-06-2024,MIAX Pearl (H),1097692
26-06-2024,EDGA Equities (J),1188821
26-06-2024,EDGX Equities (K),3511279
26-06-2024,LTSE (L),1304
26-06-2024,NYSE Chicago (M),279350
26-06-2024,NYSE (N),3847176
26-06-2024,NYSE Arca (P),6523321
26-06-2024,NASDAQ (Q),15007609
26-06-2024,Members Exchange (U),2017242
26-06-2024,Investors Exchange (V),2587160
26-06-2024,NASDAQ PSX (X),211851
26-06-2024,BYX Equities (Y),743228
26-06-2024,BZX Equities (Z),4809788
25-06-2024,NYSE American (A),193696
25-06-2024,NASDAQ BX (B),344859
25-06-2024,NYSE National (C),324434
25-06-2024,FINRA / Nasdaq TRF Chicago (DB),133491
25-06-2024,FINRA / NYSE TRF (DN),1070080
25-06-2024,FINRA / Nasdaq TRF Carteret (DQ),26210685
25-06-2024,MIAX Pearl (H),977887
25-06-2024,EDGA Equities (J),1137919
25-06-2024,EDGX Equities (K),3495840
25-06-2024,LTSE (L),2007
25-06-2024,NYSE Chicago (M),263310
25-06-2024,NYSE (N),3805712
25-06-2024,NYSE Arca (P),6315048
25-06-2024,NASDAQ (Q),14831858
25-06-2024,Members Exchange (U),1886267
25-06-2024,Investors Exchange (V),2674522
25-06-2024,NASDAQ PSX (X),213439
25-06-2024,BYX Equities (Y),732893
25-06-2024,BZX Equities (Z),4778544
24-06-2024,NYSE American (A),224582
24-06-2024,NASDAQ BX (B),351549
24-06-2024,NYSE National (C),356174
24-06-2024,FINRA / Nasdaq TRF Chicago (DB),154187
24-06-2024,FINRA / NYSE TRF (DN),1086476
24-06-2024,FINRA / Nasdaq TRF Carteret (DQ),28661837
24-06-2024,MIAX Pearl (H),1148988
24-06-2024,EDGA Equities (J),1283428
24-06-2024,EDGX Equities (K),3881453
24-06-2024,LTSE (L),1863
24-06-2024,NYSE Chicago (M),331088
24-06-2024,NYSE (N),4125272
24-06-2024,NYSE Arca (P),7095730
24-06-2024,NASDAQ (Q),16679364
24-06-2024,Members Exchange (U),2148238
24-06-2024,Investors Exchange (V),2610130
24-06-2024,NASDAQ PSX (X),241272
24-06-2024,BYX Equities (Y),804407
24-06-2024,BZX Equities (Z),5447010
21-06-2024,NYSE American (A),258691
21-06-2024,NASDAQ BX (B),401464
21-06-2024,NYSE National (C),427369
21-06-2024,FINRA / Nasdaq TRF Chicago (DB),133648
21-06-2024,FINRA / NYSE TRF (DN),1030338
21-06-2024,FINRA / Nasdaq TRF Carteret (DQ),30501641
21-06-2024,MIAX Pearl (H),1221759
21-06-2024,EDGA Equities (J),1354347
21-06-2024,EDGX Equities (K),3680655
21-06-2024,LTSE (L),1436
21-06-2024,NYSE Chicago (M),289415
21-06-2024,NYSE (N),4493283
21-06-2024,NYSE Arca (P),6947263
21-06-2024,NASDAQ (Q),16872996
21-06-2024,Members Exchange (U),2138077
21-06-2024,Investors Exchange (V),2858790
21-06-2024,NASDAQ PSX (X),234503
21-06-2024,BYX Equities (Y),920086
21-06-2024,BZX Equities (Z),5420905
20-06-2024,NYSE American (A),218227
20-06-2024,NASDAQ BX (B),379090
20-06-2024,NYSE National (C),371739
20-06-2024,FINRA / Nasdaq TRF Chicago (DB),173835
20-06-2024,FINRA / NYSE TRF (DN),1267703
20-06-2024,FINRA / Nasdaq TRF Carteret (DQ),31703296
20-06-2024,MIAX Pearl (H),1168507
20-06-2024,EDGA Equities (J),1319253
20-06-2024,EDGX Equities (K),4194888
20-06-2024,LTSE (L),2490
20-06-2024,NYSE Chicago (M),312117
20-06-2024,NYSE (N),4361698
20-06-2024,NYSE Arca (P),7634706
20-06-2024,NASDAQ (Q),17496788
20-06-2024,Members Exchange (U),2148013
20-06-2024,Investors Exchange (V),2620634
20-06-2024,NASDAQ PSX (X),250756
20-06-2024,BYX Equities (Y),834629
20-06-2024,BZX Equities (Z),5827424
18-06-2024,NYSE American (A),208462
18-06-2024,NASDAQ BX (B),339738
18-06-2024,NYSE National (C),353006
18-06-2024,FINRA / Nasdaq TRF Chicago (DB),141695
18-06-2024,FINRA / NYSE TRF (DN),1074694
18-06-2024,FINRA / Nasdaq TRF Carteret (DQ),28965620
18-06-2024,MIAX Pearl (H),1064397
18-06-2024,EDGA Equities (J),1229743
18-06-2024,EDGX Equities (K),3668949
18-06-2024,LTSE (L),1911
18-06-2024,NYSE Chicago (M),292071
18-06-2024,NYSE (N),3848046
18-06-2024,NYSE Arca (P),6563280
18-06-2024,NASDAQ (Q),15286437
18-06-2024,Members Exchange (U),1939957
18-06-2024,Investors Exchange (V),2471057
18-06-2024,NASDAQ PSX (X),260492
18-06-2024,BYX Equities (Y),737782
18-06-2024,BZX Equities (Z),5178697
17-06-2024,NYSE American (A),238453
17-06-2024,NASDAQ BX (B),369624
17-06-2024,NYSE National (C),381671
17-06-2024,FINRA / Nasdaq TRF Chicago (DB),145268
17-06-2024,FINRA / NYSE TRF (DN),1116903
17-06-2024,FINRA / Nasdaq TRF Carteret (DQ),29713102
17-06-2024,MIAX Pearl (H),1130738
17-06-2024,EDGA Equities (J),1294716
17-06-2024,EDGX Equities (K),3716854
17-06-2024,LTSE (L),2274
17-06-2024,NYSE Chicago (M),305160
17-06-2024,NYSE (N),3939669
17-06-2024,NYSE Arca (P),6856063
17-06-2024,NASDAQ (Q),15839444
17-06-2024,Members Exchange (U),2020092
17-06-2024,Investors Exchange (V),2584126
17-06-2024,NASDAQ PSX (X),233341
17-06-2024,BYX Equities (Y),784435
17-06-2024,BZX Equities (Z),5260577
14-06-2024,NYSE American (A),251583
14-06-2024,NASDAQ BX (B),339941
14-06-2024,NYSE National (C),363098
14-06-2024,FINRA / Nasdaq TRF Chicago (DB),135507
14-06-2024,FINRA / NYSE TRF (DN),1049974
14-06-2024,FINRA / Nasdaq TRF Carteret (DQ),27586422
14-06-2024,MIAX Pearl (H),1067135
14-06-2024,EDGA Equities (J),1190277
14-06-2024,EDGX Equities (K),3482834
14-06-2024,LTSE (L),1758
14-06-2024,NYSE Chicago (M),274852
14-06-2024,NYSE (N),3746458
14-06-2024,NYSE Arca (P),6412971
14-06-2024,NASDAQ (Q),14619247
14-06-2024,Members Exchange (U),1850234
14-06-2024,Investors Exchange (V),2359474
14-06-2024,NASDAQ PSX (X),220396
14-06-2024,BYX Equities (Y),727835
14-06-2024,BZX Equities (Z),4779506
13-06-2024,NYSE American (A),191973
13-06-2024,NASDAQ BX (B),379609
13-06-2024,NYSE National (C),349500
13-06-2024,FINRA / Nasdaq TRF Chicago (DB),148780
13-06-2024,FINRA / NYSE TRF (DN),1122496
13-06-2024,FINRA / Nasdaq TRF Carteret (DQ),27478019
13-06-2024,MIAX Pearl (H),1089673
13-06-2024,EDGA Equities (J),1192716
13-06-2024,EDGX Equities (K),3670782
13-06-2024,LTSE (L),2147
13-06-2024,NYSE Chicago (M),291623
13-06-2024,NYSE (N),3884524
13-06-2024,NYSE Arca (P),6847221
13-06-2024,NASDAQ (Q),15280651
13-06-2024,Members Exchange (U),1875338
13-06-2024,Investors Exchange (V),2236264
13-06-2024,NASDAQ PSX (X),239018
13-06-2024,BYX Equities (Y),781512
13-06-2024,BZX Equities (Z),4940509
12-06-2024,NYSE American (A),256754
12-06-2024,NASDAQ BX (B),390773
12-06-2024,NYSE National (C),451216
12-06-2024,FINRA / Nasdaq TRF Chicago (DB),161103
12-06-2024,FINRA / NYSE TRF (DN),1143565
12-06-2024,FINRA / Nasdaq TRF Carteret (DQ),31007179
12-06-2024,MIAX Pearl (H),1207115
12-06-2024,EDGA Equities (J),1402682
12-06-2024,EDGX Equities (K),4374303
12-06-2024,LTSE (L),1681
12-06-2024,NYSE Chicago (M),408109
12-06-2024,NYSE (N),4761994
12-06-2024,NYSE Arca (P),8374068
12-06-2024,NASDAQ (Q),18731990
12-06-2024,Members Exchange (U),2399681
12-06-2024,Investors Exchange (V),2599856
12-06-2024,NASDAQ PSX (X),264268
12-06-2024,BYX Equities (Y),891582
12-06-2024,BZX Equities (Z),6258988
11-06-2024,NYSE American (A),210879
11-06-2024,NASDAQ BX (B),336282
11-06-2024,NYSE National (C),357063
11-06-2024,FINRA / Nasdaq TRF Chicago (DB),134270
11-06-2024,FINRA / NYSE TRF (DN),1019016
11-06-2024,FINRA / Nasdaq TRF Carteret (DQ),28226419
11-06-2024,MIAX Pearl (H),969020
11-06-2024,EDGA Equities (J),1272806
11-06-2024,EDGX Equities (K),3513737
11-06-2024,LTSE (L),1640
11-06-2024,NYSE Chicago (M),323173
11-06-2024,NYSE (N),3889770
11-06-2024,NYSE Arca (P),6490055
11-06-2024,NASDAQ (Q),15103645
11-06-2024,Members Exchange (U),1956155
11-06-2024,Investors Exchange (V),2307900
11-06-2024,NASDAQ PSX (X),208652
11-06-2024,BYX Equities (Y),778397
11-06-2024,BZX Equities (Z),4937559
10-06-2024,NYSE American (A),236760
10-06-2024,NASDAQ BX (B),339045
10-06-2024,NYSE National (C),415272
10-06-2024,FINRA / Nasdaq TRF Chicago (DB),146530
10-06-2024,FINRA / NYSE TRF (DN),1110738
10-06-2024,FINRA / Nasdaq TRF Carteret (DQ),30236704
10-06-2024,MIAX Pearl (H),984131
10-06-2024,EDGA Equities (J),1333286
10-06-2024,EDGX Equities (K),3787213
10-06-2024,LTSE (L),1182
10-06-2024,NYSE Chicago (M),325349
10-06-2024,NYSE (N),4129217
10-06-2024,NYSE Arca (P),6742166
10-06-2024,NASDAQ (Q),15715321
10-06-2024,Members Exchange (U),2025117
10-06-2024,Investors Exchange (V),2504424
10-06-2024,NASDAQ PSX (X),221507
10-06-2024,BYX Equities (Y),837030
10-06-2024,BZX Equities (Z),5118950
07-06-2024,NYSE American (A),232894
07-06-2024,NASDAQ BX (B),339968
07-06-2024,NYSE National (C),399454
07-06-2024,FINRA / Nasdaq TRF Chicago (DB),136865
07-06-2024,FINRA / NYSE TRF (DN),1202252
07-06-2024,FINRA / Nasdaq TRF Carteret (DQ),25954793
07-06-2024,MIAX Pearl (H),948208
07-06-2024,EDGA Equities (J),1264164
07-06-2024,EDGX Equities (K),3889971
07-06-2024,LTSE (L),796
07-06-2024,NYSE Chicago (M),316225
07-06-2024,NYSE (N),3909830
07-06-2024,NYSE Arca (P),6867279
07-06-2024,NASDAQ (Q),15089727
07-06-2024,Members Exchange (U),1914961
07-06-2024,Investors Exchange (V),2309784
07-06-2024,NASDAQ PSX (X),212044
07-06-2024,BYX Equities (Y),803880
07-06-2024,BZX Equities (Z),4883890
06-06-2024,NYSE American (A),201402
06-06-2024,NASDAQ BX (B),332056
06-06-2024,NYSE National (C),349732
06-06-2024,FINRA / Nasdaq TRF Chicago (DB),146860
06-06-2024,FINRA / NYSE TRF (DN),1129790
06-06-2024,FINRA / Nasdaq TRF Carteret (DQ),27273759
06-06-2024,MIAX Pearl (H),966615
06-06-2024,EDGA Equities (J),1231412
06-06-2024,EDGX Equities (K),3805306
06-06-2024,LTSE (L),1217
06-06-2024,NYSE Chicago (M),336564
06-06-2024,NYSE (N),3945894
06-06-2024,NYSE Arca (P),6820502
06-06-2024,NASDAQ (Q),15433637
06-06-2024,Members Exchange (U),1996622
06-06-2024,Investors Exchange (V),2302859
06-06-2024,NASDAQ PSX (X),232253
06-06-2024,BYX Equities (Y),735908
06-06-2024,BZX Equities (Z),5066148
05-06-2024,NYSE American (A),201251
05-06-2024,NASDAQ BX (B),352139
05-06-2024,NYSE National (C),366899
05-06-2024,FINRA / Nasdaq TRF Chicago (DB),141261
05-06-2024,FINRA / NYSE TRF (DN),1076382
05-06-2024,FINRA / Nasdaq TRF Carteret (DQ),27792434
05-06-2024,MIAX Pearl (H),959132
05-06-2024,EDGA Equities (J),1260296
05-06-2024,EDGX Equities (K),3746042
05-06-2024,LTSE (L),1467
05-06-2024,NYSE Chicago (M),314237
05-06-2024,NYSE (N),3891755
05-06-2024,NYSE Arca (P),6841352
05-06-2024,NASDAQ (Q),15492418
05-06-2024,Members Exchange (U),2021536
05-06-2024,Investors Exchange (V),2403208
05-06-2024,NASDAQ PSX (X),231588
05-06-2024,BYX Equities (Y),759030
05-06-2024,BZX Equities (Z),5057780
04-06-2024,NYSE American (A),212380
04-06-2024,NASDAQ BX (B),358191
04-06-2024,NYSE National (C),374746
04-06-2024,FINRA / Nasdaq TRF Chicago (DB),132018
04-06-2024,FINRA / NYSE TRF (DN),1088016
04-06-2024,FINRA / Nasdaq TRF Carteret (DQ),27438303
04-06-2024,MIAX Pearl (H),979626
04-06-2024,EDGA Equities (J),1419318
04-06-2024,EDGX Equities (K),3587778
04-06-2024,LTSE (L),639
04-06-2024,NYSE Chicago (M),343248
04-06-2024,NYSE (N),4099445
04-06-2024,NYSE Arca (P),7010479
04-06-2024,NASDAQ (Q),15391450
04-06-2024,Members Exchange (U),2098370
04-06-2024,Investors Exchange (V),2489287
04-06-2024,NASDAQ PSX (X),240339
04-06-2024,BYX Equities (Y),752630
04-06-2024,BZX Equities (Z),5104943
03-06-2024,NYSE American (A),277550
03-06-2024,NASDAQ BX (B),431088
03-06-2024,NYSE National (C),467831
03-06-2024,FINRA / Nasdaq TRF Chicago (DB),165186
03-06-2024,FINRA / NYSE TRF (DN),1163462
03-06-2024,FINRA / Nasdaq TRF Carteret (DQ),27272255
03-06-2024,MIAX Pearl (H),1290216
03-06-2024,EDGA Equities (J),1511193
03-06-2024,EDGX Equities (K),4278476
03-06-2024,LTSE (L),770
03-06-2024,NYSE Chicago (M),326847
03-06-2024,NYSE (N),4690476
03-06-2024,NYSE Arca (P),8203927
03-06-2024,NASDAQ (Q),18449323
03-06-2024,Members Exchange (U),2636907
03-06-2024,Investors Exchange (V),1953910
03-06-2024,NASDAQ PSX (X),307442
03-06-2024,BYX Equities (Y),885139
03-06-2024,BZX Equities (Z),5987482
31-05-2024,NYSE American (A),287501
31-05-2024,NASDAQ BX (B),379801
31-05-2024,NYSE National (C),476680
31-05-2024,FINRA / Nasdaq TRF Chicago (DB),156099
31-05-2024,FINRA / NYSE TRF (DN),1017530
31-05-2024,FINRA / Nasdaq TRF Carteret (DQ),29986288
31-05-2024,MIAX Pearl (H),1123099
31-05-2024,EDGA Equities (J),1654018
31-05-2024,EDGX Equities (K),3945795
31-05-2024,LTSE (L),701
31-05-2024,NYSE Chicago (M),268329
31-05-2024,NYSE (N),4755897
31-05-2024,NYSE Arca (P),7552968
31-05-2024,NASDAQ (Q),17452093
31-05-2024,Members Exchange (U),2409133
31-05-2024,Investors Exchange (V),2700586
31-05-2024,NASDAQ PSX (X),304873
31-05-2024,BYX Equities (Y),900373
31-05-2024,BZX Equities (Z),5810162
30-05-2024,NYSE American (A),249914
30-05-2024,NASDAQ BX (B),382819
30-05-2024,NYSE National (C),450551
30-05-2024,FINRA / Nasdaq TRF Chicago (DB),150217
30-05-2024,FINRA / NYSE TRF (DN),1023661
30-05-2024,FINRA / Nasdaq TRF Carteret (DQ),27854707
30-05-2024,MIAX Pearl (H),995319
30-05-2024,EDGA Equities (J),1384822
30-05-2024,EDGX Equities (K),3783815
30-05-2024,LTSE (L),1217
30-05-2024,NYSE Chicago (M),254579
30-05-2024,NYSE (N),4190500
30-05-2024,NYSE Arca (P),7066998
30-05-2024,NASDAQ (Q),15973720
30-05-2024,Members Exchange (U),2155360
30-05-2024,Investors Exchange (V),2523467
30-05-2024,NASDAQ PSX (X),231821
30-05-2024,BYX Equities (Y),755545
30-05-2024,BZX Equities (Z),5328916
29-05-2024,NYSE American (A),262021
29-05-2024,NASDAQ BX (B),342846
29-05-2024,NYSE National (C),414194
29-05-2024,FINRA / Nasdaq TRF Chicago (DB),137944
29-05-2024,FINRA / NYSE TRF (DN),1011561
29-05-2024,FINRA / Nasdaq TRF Carteret (DQ),28767733
29-05-2024,MIAX Pearl (H),1013402
29-05-2024,EDGA Equities (J),1390245
29-05-2024,EDGX Equities (K),3793232
29-05-2024,LTSE (L),566
29-05-2024,NYSE Chicago (M),237655
29-05-2024,NYSE (N),4077226
29-05-2024,NYSE Arca (P),6960753
29-05-2024,NASDAQ (Q),15540301
29-05-2024,Members Exchange (U),2131024
29-05-2024,Investors Exchange (V),2556078
29-05-2024,NASDAQ PSX (X),231868
29-05-2024,BYX Equities (Y),771679
29-05-2024,BZX Equities (Z),5181896
28-05-2024,NYSE American (A),237056
28-05-2024,NASDAQ BX (B),395047
28-05-2024,NYSE National (C),388832
28-05-2024,FINRA / Nasdaq TRF Chicago (DB),157273
28-05-2024,FINRA / NYSE TRF (DN),1024228
28-05-2024,FINRA / Nasdaq TRF Carteret (DQ),29314055
28-05-2024,MIAX Pearl (H),1042846
28-05-2024,EDGA Equities (J),1343282
28-05-2024,EDGX Equities (K),3872293
28-05-2024,LTSE (L),536
28-05-2024,NYSE Chicago (M),239465
28-05-2024,NYSE (N),4157147
28-05-2024,NYSE Arca (P),7079789
28-05-2024,NASDAQ (Q),15860671
28-05-2024,Members Exchange (U),2028025
28-05-2024,Investors Exchange (V),2655353
28-05-2024,NASDAQ PSX (X),252637
28-05-2024,BYX Equities (Y),769357
28-05-2024,BZX Equities (Z),5088150
24-05-2024,NYSE American (A),234883
24-05-2024,NASDAQ BX (B),317805
24-05-2024,NYSE National (C),304662
24-05-2024,FINRA / Nasdaq TRF Chicago (DB),123841
24-05-2024,FINRA / NYSE TRF (DN),931546
24-05-2024,FINRA / Nasdaq TRF Carteret (DQ),25085324
24-05-2024,MIAX Pearl (H),867023
24-05-2024,EDGA Equities (J),1141453
24-05-2024,EDGX Equities (K),3101797
24-05-2024,LTSE (L),817
24-05-2024,NYSE Chicago (M),218320
24-05-2024,NYSE (N),3454389
24-05-2024,NYSE Arca (P),5869617
24-05-2024,NASDAQ (Q),13313862
24-05-2024,Members Exchange (U),1744727
24-05-2024,Investors Exchange (V),2182670
24-05-2024,NASDAQ PSX (X),220227
24-05-2024,BYX Equities (Y),666160
24-05-2024,BZX Equities (Z),4345337
23-05-2024,NYSE American (A),214313
23-05-2024,NASDAQ BX (B),354416
23-05-2024,NYSE National (C),371573
23-05-2024,FINRA / Nasdaq TRF Chicago (DB),158966
23-05-2024,FINRA / NYSE TRF (DN),1179760
23-05-2024,FINRA / Nasdaq TRF Carteret (DQ),29333732
23-05-2024,MIAX Pearl (H),1217737
23-05-2024,EDGA Equities (J),1438326
23-05-2024,EDGX Equities (K),4103102
23-05-2024,LTSE (L),916
23-05-2024,NYSE Chicago (M),257714
23-05-2024,NYSE (N),4296035
23-05-2024,NYSE Arca (P),7729738
23-05-2024,NASDAQ (Q),16795212
23-05-2024,Members Exchange (U),2335527
23-05-2024,Investors Exchange (V),2602212
23-05-2024,NASDAQ PSX (X),279055
23-05-2024,BYX Equities (Y),783045
23-05-2024,BZX Equities (Z),5600610
22-05-2024,NYSE American (A),204849
22-05-2024,NASDAQ BX (B),368629
22-05-2024,NYSE National (C),353707
22-05-2024,FINRA / Nasdaq TRF Chicago (DB),126784
22-05-2024,FINRA / NYSE TRF (DN),1036144
22-05-2024,FINRA / Nasdaq TRF Carteret (DQ),26977718
22-05-2024,MIAX Pearl (H),1135523
22-05-2024,EDGA Equities (J),1356430
22-05-2024,EDGX Equities (K),3746163
22-05-2024,LTSE (L),1488
22-05-2024,NYSE Chicago (M),246288
22-05-2024,NYSE (N),4008265
22-05-2024,NYSE Arca (P),7231387
22-05-2024,NASDAQ (Q),15561269
22-05-2024,Members Exchange (U),2268336
22-05-2024,Investors Exchange (V),2425305
22-05-2024,NASDAQ PSX (X),262678
22-05-2024,BYX Equities (Y),752310
22-05-2024,BZX Equities (Z),4996248
21-05-2024,NYSE American (A),191302
21-05-2024,NASDAQ BX (B),274723
21-05-2024,NYSE National (C),325865
21-05-2024,FINRA / Nasdaq TRF Chicago (DB),101602
21-05-2024,FINRA / NYSE TRF (DN),1017067
21-05-2024,FINRA / Nasdaq TRF Carteret (DQ),25004245
21-05-2024,MIAX Pearl (H),995164
21-05-2024,EDGA Equities (J),1226759
21-05-2024,EDGX Equities (K),3439298
21-05-2024,LTSE (L),1211
21-05-2024,NYSE Chicago (M),244694
21-05-2024,NYSE (N),3698009
21-05-2024,NYSE Arca (P),6459740
21-05-2024,NASDAQ (Q),13705310
21-05-2024,Members Exchange (U),2102325
21-05-2024,Investors Exchange (V),2315167
21-05-2024,NASDAQ PSX (X),241690
21-05-2024,BYX Equities (Y),639948
21-05-2024,BZX Equities (Z),4500595
20-05-2024,NYSE American (A),211835
20-05-2024,NASDAQ BX (B),304998
20-05-2024,NYSE National (C),335890
20-05-2024,FINRA / Nasdaq TRF Chicago (DB),119515
20-05-2024,FINRA / NYSE TRF (DN),1103839
20-05-2024,FINRA / Nasdaq TRF Carteret (DQ),26305052
20-05-2024,MIAX Pearl (H),1086568
20-05-2024,EDGA Equities (J),1260220
20-05-2024,EDGX Equities (K),3557877
20-05-2024,LTSE (L),1823
20-05-2024,NYSE Chicago (M),220244
20-05-2024,NYSE (N),3722640
20-05-2024,NYSE Arca (P),6674794
20-05-2024,NASDAQ (Q),14137298
20-05-2024,Members Exchange (U),2138493
20-05-2024,Investors Exchange (V),2304009
20-05-2024,NASDAQ PSX (X),253418
20-05-2024,BYX Equities (Y),653537
20-05-2024,BZX Equities (Z),4581756
17-05-2024,NYSE American (A),216090
17-05-2024,NASDAQ BX (B),334842
17-05-2024,NYSE National (C),379411
17-05-2024,FINRA / Nasdaq TRF Chicago (DB),116975
17-05-2024,FINRA / NYSE TRF (DN),1253005
17-05-2024,FINRA / Nasdaq TRF Carteret (DQ),26279764
17-05-2024,MIAX Pearl (H),1308888
17-05-2024,EDGA Equities (J),1460767
17-05-2024,EDGX Equities (K),3659432
17-05-2024,LTSE (L),1265
17-05-2024,NYSE Chicago (M),216479
17-05-2024,NYSE (N),3891585
17-05-2024,NYSE Arca (P),7470120
17-05-2024,NASDAQ (Q),14662320
17-05-2024,Members Exchange (U),2214894
17-05-2024,Investors Exchange (V),2290840
17-05-2024,NASDAQ PSX (X),243797
17-05-2024,BYX Equities (Y),761702
17-05-2024,BZX Equities (Z),4849780
16-05-2024,NYSE American (A),225493
16-05-2024,NASDAQ BX (B),356905
16-05-2024,NYSE National (C),408491
16-05-2024,FINRA / Nasdaq TRF Chicago (DB),111326
16-05-2024,FINRA / NYSE TRF (DN),1210455
16-05-2024,FINRA / Nasdaq TRF Carteret (DQ),27166291
16-05-2024,MIAX Pearl (H),1391068
16-05-2024,EDGA Equities (J),1464269
16-05-2024,EDGX Equities (K),3614706
16-05-2024,LTSE (L),1127
16-05-2024,NYSE Chicago (M),242012
16-05-2024,NYSE (N),4128117
16-05-2024,NYSE Arca (P),7746831
16-05-2024,NASDAQ (Q),15776146
16-05-2024,Members Exchange (U),2439555
16-05-2024,Investors Exchange (V),2475058
16-05-2024,NASDAQ PSX (X),266995
16-05-2024,BYX Equities (Y),795757
16-05-2024,BZX Equities (Z),5095182
15-05-2024,NYSE American (A),243633
15-05-2024,NASDAQ BX (B),357434
15-05-2024,NYSE National (C),426337
15-05-2024,FINRA / Nasdaq TRF Chicago (DB),144396
15-05-2024,FINRA / NYSE TRF (DN),1330396
15-05-2024,FINRA / Nasdaq TRF Carteret (DQ),30706351
15-05-2024,MIAX Pearl (H),1444600
15-05-2024,EDGA Equities (J),1651310
15-05-2024,EDGX Equities (K),4096472
15-05-2024,LTSE (L),1555
15-05-2024,NYSE Chicago (M),251837
15-05-2024,NYSE (N),4537808
15-05-2024,NYSE Arca (P),8329537
15-05-2024,NASDAQ (Q),17194125
15-05-2024,Members Exchange (U),2629981
15-05-2024,Investors Exchange (V),2647088
15-05-2024,NASDAQ PSX (X),283514
15-05-2024,BYX Equities (Y),820349
15-05-2024,BZX Equities (Z),5584521
14-05-2024,NYSE American (A),214084
14-05-2024,NASDAQ BX (B),353322
14-05-2024,NYSE National (C),432994
14-05-2024,FINRA / Nasdaq TRF Chicago (DB),122645
14-05-2024,FINRA / NYSE TRF (DN),1250346
14-05-2024,FINRA / Nasdaq TRF Carteret (DQ),29296163
14-05-2024,MIAX Pearl (H),1398243
14-05-2024,EDGA Equities (J),1686659
14-05-2024,EDGX Equities (K),4154158
14-05-2024,LTSE (L),1290
14-05-2024,NYSE Chicago (M),272159
14-05-2024,NYSE (N),4601773
14-05-2024,NYSE Arca (P),8318608
14-05-2024,NASDAQ (Q),17185596
14-05-2024,Members Exchange (U),2407172
14-05-2024,Investors Exchange (V),2636834
14-05-2024,NASDAQ PSX (X),297034
14-05-2024,BYX Equities (Y),826753
14-05-2024,BZX Equities (Z),5310088
13-05-2024,NYSE American (A),187415
13-05-2024,NASDAQ BX (B),302215
13-05-2024,NYSE National (C),363575
13-05-2024,FINRA / Nasdaq TRF Chicago (DB),118331
13-05-2024,FINRA / NYSE TRF (DN),1026336
13-05-2024,FINRA / Nasdaq TRF Carteret (DQ),27105362
13-05-2024,MIAX Pearl (H),1320144
13-05-2024,EDGA Equities (J),1395018
13-05-2024,EDGX Equities (K),3342677
13-05-2024,LTSE (L),1997
13-05-2024,NYSE Chicago (M),212777
13-05-2024,NYSE (N),4095486
13-05-2024,NYSE Arca (P),6574881
13-05-2024,NASDAQ (Q),15111375
13-05-2024,Members Exchange (U),2138303
13-05-2024,Investors Exchange (V),2346756
13-05-2024,NASDAQ PSX (X),239979
13-05-2024,BYX Equities (Y),671172
13-05-2024,BZX Equities (Z),4754719
10-05-2024,NYSE American (A),187023
10-05-2024,NASDAQ BX (B),301198
10-05-2024,NYSE National (C),381039
10-05-2024,FINRA / Nasdaq TRF Chicago (DB),151923
10-05-2024,FINRA / NYSE TRF (DN),882054
10-05-2024,FINRA / Nasdaq TRF Carteret (DQ),25788101
10-05-2024,MIAX Pearl (H),1268662
10-05-2024,EDGA Equities (J),1318185
10-05-2024,EDGX Equities (K),3330908
10-05-2024,LTSE (L),1587
10-05-2024,NYSE Chicago (M),203027
10-05-2024,NYSE (N),4055419
10-05-2024,NYSE Arca (P),6414243
10-05-2024,NASDAQ (Q),15414483
10-05-2024,Members Exchange (U),2124734
10-05-2024,Investors Exchange (V),2405755
10-05-2024,NASDAQ PSX (X),240012
10-05-2024,BYX Equities (Y),698029
10-05-2024,BZX Equities (Z),4863595
09-05-2024,NYSE American (A),206030
09-05-2024,NASDAQ BX (B),303179
09-05-2024,NYSE National (C),395945
09-05-2024,FINRA / Nasdaq TRF Chicago (DB),158234
09-05-2024,FINRA / NYSE TRF (DN),859837
09-05-2024,FINRA / Nasdaq TRF Carteret (DQ),26060556
09-05-2024,MIAX Pearl (H),1344382
09-05-2024,EDGA Equities (J),1454992
09-05-2024,EDGX Equities (K),3265711
09-05-2024,LTSE (L),1316
09-05-2024,NYSE Chicago (M),210823
09-05-2024,NYSE (N),4173892
09-05-2024,NYSE Arca (P),6387230
09-05-2024,NASDAQ (Q),15353588
09-05-2024,Members Exchange (U),2217486
09-05-2024,Investors Exchange (V),2422255
09-05-2024,NASDAQ PSX (X),258442
09-05-2024,BYX Equities (Y),707789
09-05-2024,BZX Equities (Z),4916305
08-05-2024,NYSE American (A),200666
08-05-2024,NASDAQ BX (B),352894
08-05-2024,NYSE National (C),415021
08-05-2024,FINRA / Nasdaq TRF Chicago (DB),165086
08-05-2024,FINRA / NYSE TRF (DN),847451
08-05-2024,FINRA / Nasdaq TRF Carteret (DQ),26115484
08-05-2024,MIAX Pearl (H),1335628
08-05-2024,EDGA Equities (J),1484397
08-05-2024,EDGX Equities (K),3292990
08-05-2024,LTSE (L),1587
08-05-2024,NYSE Chicago (M),221543
08-05-2024,NYSE (N),4419539
08-05-2024,NYSE Arca (P),6834972
08-05-2024,NASDAQ (Q),16054009
08-05-2024,Members Exchange (U),2216186
08-05-2024,Investors Exchange (V),2469979
08-05-2024,NASDAQ PSX (X),267316
08-05-2024,BYX Equities (Y),718692
08-05-2024,BZX Equities (Z),5108976
07-05-2024,NYSE American (A),214905
07-05-2024,NASDAQ BX (B),343457
07-05-2024,NYSE National (C),429409
07-05-2024,FINRA / Nasdaq TRF Chicago (DB),169122
07-05-2024,FINRA / NYSE TRF (DN),895307
07-05-2024,FINRA / Nasdaq TRF Carteret (DQ),26814208
07-05-2024,MIAX Pearl (H),1412207
07-05-2024,EDGA Equities (J),1551659
07-05-2024,EDGX Equities (K),3429409
07-05-2024,LTSE (L),1920
07-05-2024,NYSE Chicago (M),207390
07-05-2024,NYSE (N),4558414
07-05-2024,NYSE Arca (P),7059541
07-05-2024,NASDAQ (Q),16363591
07-05-2024,Members Exchange (U),2298862
07-05-2024,Investors Exchange (V),2626413
07-05-2024,NASDAQ PSX (X),283984
07-05-2024,BYX Equities (Y),730144
07-05-2024,BZX Equities (Z),5252754
06-05-2024,NYSE American (A),220849
06-05-2024,NASDAQ BX (B),343834
06-05-2024,NYSE National (C),380604
06-05-2024,FINRA / Nasdaq TRF Chicago (DB),168527
06-05-2024,FINRA / NYSE TRF (DN),935785
06-05-2024,FINRA / Nasdaq TRF Carteret (DQ),27685130
06-05-2024,MIAX Pearl (H),1283559
06-05-2024,EDGA Equities (J),1492617
06-05-2024,EDGX Equities (K),3419772
06-05-2024,LTSE (L),1007
06-05-2024,NYSE Chicago (M),191067
06-05-2024,NYSE (N),4239510
06-05-2024,NYSE Arca (P),6858871
06-05-2024,NASDAQ (Q),15927479
06-05-2024,Members Exchange (U),2056048
06-05-2024,Investors Exchange (V),2603686
06-05-2024,NASDAQ PSX (X),325731
06-05-2024,BYX Equities (Y),726653
06-05-2024,BZX Equities (Z),5253708
03-05-2024,NYSE American (A),216428
03-05-2024,NASDAQ BX (B),376235
03-05-2024,NYSE National (C),433210
03-05-2024,FINRA / Nasdaq TRF Chicago (DB),164143
03-05-2024,FINRA / NYSE TRF (DN),926975
03-05-2024,FINRA / Nasdaq TRF Carteret (DQ),26851000
03-05-2024,MIAX Pearl (H),1527097
03-05-2024,EDGA Equities (J),1621127
03-05-2024,EDGX Equities (K),3708323
03-05-2024,LTSE (L),3466
03-05-2024,NYSE Chicago (M),225318
03-05-2024,NYSE (N),4730639
03-05-2024,NYSE Arca (P),7795093
03-05-2024,NASDAQ (Q),17983801
03-05-2024,Members Exchange (U),2361685
03-05-2024,Investors Exchange (V),2721383
03-05-2024,NASDAQ PSX (X),291161
03-05-2024,BYX Equities (Y),751946
03-05-2024,BZX Equities (Z),6030553
02-05-2024,NYSE American (A),220409
02-05-2024,NASDAQ BX (B),366850
02-05-2024,NYSE National (C),431458
02-05-2024,FINRA / Nasdaq TRF Chicago (DB),158896
02-05-2024,FINRA / NYSE TRF (DN),902581
02-05-2024,FINRA / Nasdaq TRF Carteret (DQ),27991203
02-05-2024,MIAX Pearl (H),1472233
02-05-2024,EDGA Equities (J),1632738
02-05-2024,EDGX Equities (K),3735434
02-05-2024,LTSE (L),686
02-05-2024,NYSE Chicago (M),249219
02-05-2024,NYSE (N),5002104
02-05-2024,NYSE Arca (P),7933084
02-05-2024,NASDAQ (Q),18301382
02-05-2024,Members Exchange (U),2343540
02-05-2024,Investors Exchange (V),2835956
02-05-2024,NASDAQ PSX (X),305231
02-05-2024,BYX Equities (Y),839506
02-05-2024,BZX Equities (Z),5983987
01-05-2024,NYSE American (A),305759
01-05-2024,NASDAQ BX (B),441944
01-05-2024,NYSE National (C),516307
01-05-2024,FINRA / Nasdaq TRF Chicago (DB),170351
01-05-2024,FINRA / NYSE TRF (DN),1054111
01-05-2024,FINRA / Nasdaq TRF Carteret (DQ),29282229
01-05-2024,MIAX Pearl (H),1873921
01-05-2024,EDGA Equities (J),1925996
01-05-2024,EDGX Equities (K),4342783
01-05-2024,LTSE (L),787
01-05-2024,NYSE Chicago (M),284439
01-05-2024,NYSE (N),5706076
01-05-2024,NYSE Arca (P),9082314
01-05-2024,NASDAQ (Q),21397762
01-05-2024,Members Exchange (U),2662590
01-05-2024,Investors Exchange (V),2978535
01-05-2024,NASDAQ PSX (X),346391
01-05-2024,BYX Equities (Y),878890
01-05-2024,BZX Equities (Z),7070764
30-04-2024,NYSE American (A),254465
30-04-2024,NASDAQ BX (B),409268
30-04-2024,NYSE National (C),419683
30-04-2024,FINRA / Nasdaq TRF Chicago (DB),157170
30-04-2024,FINRA / NYSE TRF (DN),963620
30-04-2024,FINRA / Nasdaq TRF Carteret (DQ),26879281
30-04-2024,MIAX Pearl (H),1368434
30-04-2024,EDGA Equities (J),1588832
30-04-2024,EDGX Equities (K),3662793
30-04-2024,LTSE (L),1233
30-04-2024,NYSE Chicago (M),235232
30-04-2024,NYSE (N),4653889
30-04-2024,NYSE Arca (P),7632381
30-04-2024,NASDAQ (Q),17366478
30-04-2024,Members Exchange (U),2193712
30-04-2024,Investors Exchange (V),2665467
30-04-2024,NASDAQ PSX (X),287805
30-04-2024,BYX Equities (Y),764515
30-04-2024,BZX Equities (Z),5666779
29-04-2024,NYSE American (A),248008
29-04-2024,NASDAQ BX (B),342881
29-04-2024,NYSE National (C),358499
29-04-2024,FINRA / Nasdaq TRF Chicago (DB),118350
29-04-2024,FINRA / NYSE TRF (DN),952847
29-04-2024,FINRA / Nasdaq TRF Carteret (DQ),25828406
29-04-2024,MIAX Pearl (H),1249563
29-04-2024,EDGA Equities (J),1429920
29-04-2024,EDGX Equities (K),3384587
29-04-2024,LTSE (L),1544
29-04-2024,NYSE Chicago (M),203942
29-04-2024,NYSE (N),4029473
29-04-2024,NYSE Arca (P),6788439
29-04-2024,NASDAQ (Q),15696886
29-04-2024,Members Exchange (U),1913917
29-04-2024,Investors Exchange (V),2448972
29-04-2024,NASDAQ PSX (X),239401
29-04-2024,BYX Equities (Y),638347
29-04-2024,BZX Equities (Z),4989307
26-04-2024,NYSE American (A),217113
26-04-2024,NASDAQ BX (B),364280
26-04-2024,NYSE National (C),386106
26-04-2024,FINRA / Nasdaq TRF Chicago (DB),130025
26-04-2024,FINRA / NYSE TRF (DN),878873
26-04-2024,FINRA / Nasdaq TRF Carteret (DQ),24869544
26-04-2024,MIAX Pearl (H),1306845
26-04-2024,EDGA Equities (J),1482546
26-04-2024,EDGX Equities (K),3416237
26-04-2024,LTSE (L),1289
26-04-2024,NYSE Chicago (M),204852
26-04-2024,NYSE (N),4233010
26-04-2024,NYSE Arca (P),6682691
26-04-2024,NASDAQ (Q),16210954
26-04-2024,Members Exchange (U),1961795
26-04-2024,Investors Exchange (V),2460424
26-04-2024,NASDAQ PSX (X),281335
26-04-2024,BYX Equities (Y),678638
26-04-2024,BZX Equities (Z),5203852
25-04-2024,NYSE American (A),268228
25-04-2024,NASDAQ BX (B),444216
25-04-2024,NYSE National (C),420001
25-04-2024,FINRA / Nasdaq TRF Chicago (DB),122854
25-04-2024,FINRA / NYSE TRF (DN),916863
25-04-2024,FINRA / Nasdaq TRF Carteret (DQ),26567700
25-04-2024,MIAX Pearl (H),1478210
25-04-2024,EDGA Equities (J),1625919
25-04-2024,EDGX Equities (K),3924418
25-04-2024,LTSE (L),1327
25-04-2024,NYSE Chicago (M),249870
25-04-2024,NYSE (N),4783459
25-04-2024,NYSE Arca (P),8018594
25-04-2024,NASDAQ (Q),18223125
25-04-2024,Members Exchange (U),2186049
25-04-2024,Investors Exchange (V),2710725
25-04-2024,NASDAQ PSX (X),294028
25-04-2024,BYX Equities (Y),758605
25-04-2024,BZX Equities (Z),5870668
24-04-2024,NYSE American (A),265724
24-04-2024,NASDAQ BX (B),386434
24-04-2024,NYSE National (C),389419
24-04-2024,FINRA / Nasdaq TRF Chicago (DB),124429
24-04-2024,FINRA / NYSE TRF (DN),933973
24-04-2024,FINRA / Nasdaq TRF Carteret (DQ),26072542
24-04-2024,MIAX Pearl (H),1328630
24-04-2024,EDGA Equities (J),1514209
24-04-2024,EDGX Equities (K),3633565
24-04-2024,LTSE (L),996
24-04-2024,NYSE Chicago (M),223245
24-04-2024,NYSE (N),4512031
24-04-2024,NYSE Arca (P),7452316
24-04-2024,NASDAQ (Q),17194401
24-04-2024,Members Exchange (U),2118826
24-04-2024,Investors Exchange (V),2680829
24-04-2024,NASDAQ PSX (X),264750
24-04-2024,BYX Equities (Y),700002
24-04-2024,BZX Equities (Z),5399033
23-04-2024,NYSE American (A),234327
23-04-2024,NASDAQ BX (B),418391
23-04-2024,NYSE National (C),411633
23-04-2024,FINRA / Nasdaq TRF Chicago (DB),110824
23-04-2024,FINRA / NYSE TRF (DN),876722
23-04-2024,FINRA / Nasdaq TRF Carteret (DQ),26333029
23-04-2024,MIAX Pearl (H),1343926
23-04-2024,EDGA Equities (J),1580783
23-04-2024,EDGX Equities (K),3586799
23-04-2024,LTSE (L),1484
23-04-2024,NYSE Chicago (M),207814
23-04-2024,NYSE (N),4451631
23-04-2024,NYSE Arca (P),7077616
23-04-2024,NASDAQ (Q),16732134
23-04-2024,Members Exchange (U),2155403
23-04-2024,Investors Exchange (V),2622962
23-04-2024,NASDAQ PSX (X),273120
23-04-2024,BYX Equities (Y),682067
23-04-2024,BZX Equities (Z),5386782
22-04-2024,NYSE American (A),224672
22-04-2024,NASDAQ BX (B),430306
22-04-2024,NYSE National (C),416822
22-04-2024,FINRA / Nasdaq TRF Chicago (DB),127504
22-04-2024,FINRA / NYSE TRF (DN),951034
22-04-2024,FINRA / Nasdaq TRF Carteret (DQ),26709381
22-04-2024,MIAX Pearl (H),1382301
22-04-2024,EDGA Equities (J),1547479
22-04-2024,EDGX Equities (K),3570748
22-04-2024,LTSE (L),725
22-04-2024,NYSE Chicago (M),191155
22-04-2024,NYSE (N),4333599
22-04-2024,NYSE Arca (P),7074134
22-04-2024,NASDAQ (Q),16082156
22-04-2024,Members Exchange (U),2102097
22-04-2024,Investors Exchange (V),2681610
22-04-2024,NASDAQ PSX (X),259993
22-04-2024,BYX Equities (Y),728521
22-04-2024,BZX Equities (Z),5208148
19-04-2024,NYSE American (A),274178
19-04-2024,NASDAQ BX (B),450625
19-04-2024,NYSE National (C),467574
19-04-2024,FINRA / Nasdaq TRF Chicago (DB),142935
19-04-2024,FINRA / NYSE TRF (DN),892009
19-04-2024,FINRA / Nasdaq TRF Carteret (DQ),27618248
19-04-2024,MIAX Pearl (H),1619256
19-04-2024,EDGA Equities (J),1774464
19-04-2024,EDGX Equities (K),4026200
19-04-2024,LTSE (L),1108
19-04-2024,NYSE Chicago (M),197673
19-04-2024,NYSE (N),4639974
19-04-2024,NYSE Arca (P),7994484
19-04-2024,NASDAQ (Q),18453871
19-04-2024,Members Exchange (U),2444904
19-04-2024,Investors Exchange (V),2845881
19-04-2024,NASDAQ PSX (X),304030
19-04-2024,BYX Equities (Y),721870
19-04-2024,BZX Equities (Z),5874787
18-04-2024,NYSE American (A),236503
18-04-2024,NASDAQ BX (B),423634
18-04-2024,NYSE National (C),408808
18-04-2024,FINRA / Nasdaq TRF Chicago (DB),110277
18-04-2024,FINRA / NYSE TRF (DN),907908
18-04-2024,FINRA / Nasdaq TRF Carteret (DQ),25162850
18-04-2024,MIAX Pearl (H),1501739
18-04-2024,EDGA Equities (J),1661088
18-04-2024,EDGX Equities (K),3686984
18-04-2024,LTSE (L),769
18-04-2024,NYSE Chicago (M),181134
18-04-2024,NYSE (N),4292251
18-04-2024,NYSE Arca (P),7130725
18-04-2024,NASDAQ (Q),16906493
18-04-2024,Members Exchange (U),2231562
18-04-2024,Investors Exchange (V),2671683
18-04-2024,NASDAQ PSX (X),242262
18-04-2024,BYX Equities (Y),695948
18-04-2024,BZX Equities (Z),5252462
17-04-2024,NYSE American (A),238296
17-04-2024,NASDAQ BX (B),432726
17-04-2024,NYSE National (C),451009
17-04-2024,FINRA / Nasdaq TRF Chicago (DB),113722
17-04-2024,FINRA / NYSE TRF (DN),958527
17-04-2024,FINRA / Nasdaq TRF Carteret (DQ),25541218
17-04-2024,MIAX Pearl (H),1505486
17-04-2024,EDGA Equities (J),1596423
17-04-2024,EDGX Equities (K),3803111
17-04-2024,LTSE (L),1021
17-04-2024,NYSE Chicago (M),205995
17-04-2024,NYSE (N),4503553
17-04-2024,NYSE Arca (P),7705403
17-04-2024,NASDAQ (Q),16647885
17-04-2024,Members Exchange (U),2344750
17-04-2024,Investors Exchange (V),2737099
17-04-2024,NASDAQ PSX (X),233935
17-04-2024,BYX Equities (Y),696031
17-04-2024,BZX Equities (Z),5536877
16-04-2024,NYSE American (A),256011
16-04-2024,NASDAQ BX (B),447124
16-04-2024,NYSE National (C),454464
16-04-2024,FINRA / Nasdaq TRF Chicago (DB),104440
16-04-2024,FINRA / NYSE TRF (DN),939764
16-04-2024,FINRA / Nasdaq TRF Carteret (DQ),26609791
16-04-2024,MIAX Pearl (H),1668328
16-04-2024,EDGA Equities (J),1728289
16-04-2024,EDGX Equities (K),4023015
16-04-2024,LTSE (L),874
16-04-2024,NYSE Chicago (M),220273
16-04-2024,NYSE (N),4733781
16-04-2024,NYSE Arca (P),7941944
16-04-2024,NASDAQ (Q),17785385
16-04-2024,Members Exchange (U),2611306
16-04-2024,Investors Exchange (V),2782617
16-04-2024,NASDAQ PSX (X),270922
16-04-2024,BYX Equities (Y),738602
16-04-2024,BZX Equities (Z),5744414
15-04-2024,NYSE American (A),300939
15-04-2024,NASDAQ BX (B),435161
15-04-2024,NYSE National (C),497024
15-04-2024,FINRA / Nasdaq TRF Chicago (DB),137407
15-04-2024,FINRA / NYSE TRF (DN),1071155
15-04-2024,FINRA / Nasdaq TRF Carteret (DQ),27726220
15-04-2024,MIAX Pearl (H),1654503
15-04-2024,EDGA Equities (J),1792764
15-04-2024,EDGX Equities (K),4340831
15-04-2024,LTSE (L),900
15-04-2024,NYSE Chicago (M),198077
15-04-2024,NYSE (N),4602100
15-04-2024,NYSE Arca (P),8201115
15-04-2024,NASDAQ (Q),17502794
15-04-2024,Members Exchange (U),2598493
15-04-2024,Investors Exchange (V),2783342
15-04-2024,NASDAQ PSX (X),290949
15-04-2024,BYX Equities (Y),737334
15-04-2024,BZX Equities (Z),5848322
12-04-2024,NYSE American (A),291023
12-04-2024,NASDAQ BX (B),423553
12-04-2024,NYSE National (C),445621
12-04-2024,FINRA / Nasdaq TRF Chicago (DB),129278
12-04-2024,FINRA / NYSE TRF (DN),993814
12-04-2024,FINRA / Nasdaq TRF Carteret (DQ),26443010
12-04-2024,MIAX Pearl (H),1595797
12-04-2024,EDGA Equities (J),1771740
12-04-2024,EDGX Equities (K),4222077
12-04-2024,LTSE (L),1969
12-04-2024,NYSE Chicago (M),198052
12-04-2024,NYSE (N),4343878
12-04-2024,NYSE Arca (P),7749049
12-04-2024,NASDAQ (Q),16767686
12-04-2024,Members Exchange (U),2441619
12-04-2024,Investors Exchange (V),2791612
12-04-2024,NASDAQ PSX (X),283743
12-04-2024,BYX Equities (Y),747988
12-04-2024,BZX Equities (Z),5640764
11-04-2024,NYSE American (A),226276
11-04-2024,NASDAQ BX (B),416513
11-04-2024,NYSE National (C),409621
11-04-2024,FINRA / Nasdaq TRF Chicago (DB),106503
11-04-2024,FINRA / NYSE TRF (DN),871062
11-04-2024,FINRA / Nasdaq TRF Carteret (DQ),24623056
11-04-2024,MIAX Pearl (H),1246858
11-04-2024,EDGA Equities (J),1528662
11-04-2024,EDGX Equities (K),3652205
11-04-2024,LTSE (L),2039
11-04-2024,NYSE Chicago (M),194147
11-04-2024,NYSE (N),4168531
11-04-2024,NYSE Arca (P),7018307
11-04-2024,NASDAQ (Q),15907733
11-04-2024,Members Exchange (U),2113207
11-04-2024,Investors Exchange (V),2571649
11-04-2024,NASDAQ PSX (X),249715
11-04-2024,BYX Equities (Y),685209
11-04-2024,BZX Equities (Z),5055135
10-04-2024,NYSE American (A),207100
10-04-2024,NASDAQ BX (B),462583
10-04-2024,NYSE National (C),464019
10-04-2024,FINRA / Nasdaq TRF Chicago (DB),107400
10-04-2024,FINRA / NYSE TRF (DN),895295
10-04-2024,FINRA / Nasdaq TRF Carteret (DQ),26594682
10-04-2024,MIAX Pearl (H),1693600
10-04-2024,EDGA Equities (J),1902232
10-04-2024,EDGX Equities (K),4405872
10-04-2024,LTSE (L),945
10-04-2024,NYSE Chicago (M),224562
10-04-2024,NYSE (N),4888032
10-04-2024,NYSE Arca (P),8391124
10-04-2024,NASDAQ (Q),18551299
10-04-2024,Members Exchange (U),2663733
10-04-2024,Investors Exchange (V),2757449
10-04-2024,NASDAQ PSX (X),295987
10-04-2024,BYX Equities (Y),865189
10-04-2024,BZX Equities (Z),5927859
09-04-2024,NYSE American (A),174325
09-04-2024,NASDAQ BX (B),378239
09-04-2024,NYSE National (C),396160
09-04-2024,FINRA / Nasdaq TRF Chicago (DB),116522
09-04-2024,FINRA / NYSE TRF (DN),872907
09-04-2024,FINRA / Nasdaq TRF Carteret (DQ),24472527
09-04-2024,MIAX Pearl (H),1279949
09-04-2024,EDGA Equities (J),1539089
09-04-2024,EDGX Equities (K),3537826
09-04-2024,LTSE (L),1434
09-04-2024,NYSE Chicago (M),159496
09-04-2024,NYSE (N),3926384
09-04-2024,NYSE Arca (P),6524042
09-04-2024,NASDAQ (Q),14803460
09-04-2024,Members Exchange (U),2049245
09-04-2024,Investors Exchange (V),2390514
09-04-2024,NASDAQ PSX (X),225777
09-04-2024,BYX Equities (Y),690866
09-04-2024,BZX Equities (Z),4844785
08-04-2024,NYSE American (A),166915
08-04-2024,NASDAQ BX (B),364943
08-04-2024,NYSE National (C),377942
08-04-2024,FINRA / Nasdaq TRF Chicago (DB),100043
08-04-2024,FINRA / NYSE TRF (DN),861185
08-04-2024,FINRA / Nasdaq TRF Carteret (DQ),23955293
08-04-2024,MIAX Pearl (H),1103365
08-04-2024,EDGA Equities (J),1431431
08-04-2024,EDGX Equities (K),3347051
08-04-2024,LTSE (L),1272
08-04-2024,NYSE Chicago (M),143724
08-04-2024,NYSE (N),3569168
08-04-2024,NYSE Arca (P),6466641
08-04-2024,NASDAQ (Q),13399877
08-04-2024,Members Exchange (U),1925277
08-04-2024,Investors Exchange (V),2208797
08-04-2024,NASDAQ PSX (X),209174
08-04-2024,BYX Equities (Y),634951
08-04-2024,BZX Equities (Z),4450150
05-04-2024,NYSE American (A),179393
05-04-2024,NASDAQ BX (B),417295
05-04-2024,NYSE National (C),393012
05-04-2024,FINRA / Nasdaq TRF Chicago (DB),106034
05-04-2024,FINRA / NYSE TRF (DN),892654
05-04-2024,FINRA / Nasdaq TRF Carteret (DQ),24567192
05-04-2024,MIAX Pearl (H),1296811
05-04-2024,EDGA Equities (J),1509083
05-04-2024,EDGX Equities (K),3686153
05-04-2024,LTSE (L),1201
05-04-2024,NYSE Chicago (M),158996
05-04-2024,NYSE (N),3983354
05-04-2024,NYSE Arca (P),6843532
05-04-2024,NASDAQ (Q),15128343
05-04-2024,Members Exchange (U),2173741
05-04-2024,Investors Exchange (V),2446321
05-04-2024,NASDAQ PSX (X),230208
05-04-2024,BYX Equities (Y),674552
05-04-2024,BZX Equities (Z),5093536
04-04-2024,NYSE American (A),207901
04-04-2024,NASDAQ BX (B),484281
04-04-2024,NYSE National (C),454863
04-04-2024,FINRA / Nasdaq TRF Chicago (DB),117497
04-04-2024,FINRA / NYSE TRF (DN),1011951
04-04-2024,FINRA / Nasdaq TRF Carteret (DQ),26690888
04-04-2024,MIAX Pearl (H),1494159
04-04-2024,EDGA Equities (J),1759825
04-04-2024,EDGX Equities (K),4231908
04-04-2024,LTSE (L),750
04-04-2024,NYSE Chicago (M),179931
04-04-2024,NYSE (N),4542466
04-04-2024,NYSE Arca (P),7667861
04-04-2024,NASDAQ (Q),17274762
04-04-2024,Members Exchange (U),2510085
04-04-2024,Investors Exchange (V),2700464
04-04-2024,NASDAQ PSX (X),286521
04-04-2024,BYX Equities (Y),798411
04-04-2024,BZX Equities (Z),5693794
03-04-2024,NYSE American (A),196597
03-04-2024,NASDAQ BX (B),432996
03-04-2024,NYSE National (C),420352
03-04-2024,FINRA / Nasdaq TRF Chicago (DB),97506
03-04-2024,FINRA / NYSE TRF (DN),903455
03-04-2024,FINRA / Nasdaq TRF Carteret (DQ),25528467
03-04-2024,MIAX Pearl (H),1216950
03-04-2024,EDGA Equities (J),1627838
03-04-2024,EDGX Equities (K),3686698
03-04-2024,LTSE (L),801
03-04-2024,NYSE Chicago (M),170271
03-04-2024,NYSE (N),4166441
03-04-2024,NYSE Arca (P),6755017
03-04-2024,NASDAQ (Q),15404634
03-04-2024,Members Exchange (U),2142667
03-04-2024,Investors Exchange (V),2531213
03-04-2024,NASDAQ PSX (X),257332
03-04-2024,BYX Equities (Y),705559
03-04-2024,BZX Equities (Z),5085581
02-04-2024,NYSE American (A),205132
02-04-2024,NASDAQ BX (B),450591
02-04-2024,NYSE National (C),424963
02-04-2024,FINRA / Nasdaq TRF Chicago (DB),110095
02-04-2024,FINRA / NYSE TRF (DN),1014206
02-04-2024,FINRA / Nasdaq TRF Carteret (DQ),27082197
02-04-2024,MIAX Pearl (H),1319007
02-04-2024,EDGA Equities (J),1724014
02-04-2024,EDGX Equities (K),3964633
02-04-2024,LTSE (L),1082
02-04-2024,NYSE Chicago (M),178457
02-04-2024,NYSE (N),4158794
02-04-2024,NYSE Arca (P),6979128
02-04-2024,NASDAQ (Q),15598145
02-04-2024,Members Exchange (U),2382672
02-04-2024,Investors Exchange (V),2667608
02-04-2024,NASDAQ PSX (X),283032
02-04-2024,BYX Equities (Y),733267
02-04-2024,BZX Equities (Z),5285527
01-04-2024,NYSE American (A),184360
01-04-2024,NASDAQ BX (B),402764
01-04-2024,NYSE National (C),392281
01-04-2024,FINRA / Nasdaq TRF Chicago (DB),106701
01-04-2024,FINRA / NYSE TRF (DN),1044215
01-04-2024,FINRA / Nasdaq TRF Carteret (DQ),26318106
01-04-2024,MIAX Pearl (H),1270556
01-04-2024,EDGA Equities (J),1616959
01-04-2024,EDGX Equities (K),3812086
01-04-2024,LTSE (L),831
01-04-2024,NYSE Chicago (M),168959
01-04-2024,NYSE (N),3879994
01-04-2024,NYSE Arca (P),6775242
01-04-2024,NASDAQ (Q),14897375
01-04-2024,Members Exchange (U),2195984
01-04-2024,Investors Exchange (V),2357610
01-04-2024,NASDAQ PSX (X),272484
01-04-2024,BYX Equities (Y),685852
01-04-2024,BZX Equities (Z),4877574
28-03-2024,NYSE American (A),174992
28-03-2024,NASDAQ BX (B),371239
28-03-2024,NYSE National (C),415118
28-03-2024,FINRA / Nasdaq TRF Chicago (DB),100886
28-03-2024,FINRA / NYSE TRF (DN),1021760
28-03-2024,FINRA / Nasdaq TRF Carteret (DQ),23538316
28-03-2024,MIAX Pearl (H),1252123
28-03-2024,EDGA Equities (J),1632628
28-03-2024,EDGX Equities (K),3655514
28-03-2024,LTSE (L),1725
28-03-2024,NYSE Chicago (M),163216
28-03-2024,NYSE (N),3974906
28-03-2024,NYSE Arca (P),6632163
28-03-2024,NASDAQ (Q),14984379
28-03-2024,Members Exchange (U),2377728
28-03-2024,Investors Exchange (V),2456335
28-03-2024,NASDAQ PSX (X),274322
28-03-2024,BYX Equities (Y),703615
28-03-2024,BZX Equities (Z),5031971
27-03-2024,NYSE American (A),187337
27-03-2024,NASDAQ BX (B),388365
27-03-2024,NYSE National (C),436898
27-03-2024,FINRA / Nasdaq TRF Chicago (DB),111501
27-03-2024,FINRA / NYSE TRF (DN),1004539
27-03-2024,FINRA / Nasdaq TRF Carteret (DQ),23780211
27-03-2024,MIAX Pearl (H),1336362
27-03-2024,EDGA Equities (J),1712665
27-03-2024,EDGX Equities (K),3731522
27-03-2024,LTSE (L),1408
27-03-2024,NYSE Chicago (M),173636
27-03-2024,NYSE (N),4067537
27-03-2024,NYSE Arca (P),6809027
27-03-2024,NASDAQ (Q),15531136
27-03-2024,Members Exchange (U),2509666
27-03-2024,Investors Exchange (V),2550229
27-03-2024,NASDAQ PSX (X),275054
27-03-2024,BYX Equities (Y),665249
27-03-2024,BZX Equities (Z),5100006
26-03-2024,NYSE American (A),214031
26-03-2024,NASDAQ BX (B),432810
26-03-2024,NYSE National (C),431350
26-03-2024,FINRA / Nasdaq TRF Chicago (DB),116461
26-03-2024,FINRA / NYSE TRF (DN),1010090
26-03-2024,FINRA / Nasdaq TRF Carteret (DQ),23315138
26-03-2024,MIAX Pearl (H),1202480
26-03-2024,EDGA Equities (J),1621319
26-03-2024,EDGX Equities (K),3668350
26-03-2024,LTSE (L),1124
26-03-2024,NYSE Chicago (M),153253
26-03-2024,NYSE (N),3791729
26-03-2024,NYSE Arca (P),6538673
26-03-2024,NASDAQ (Q),14720945
26-03-2024,Members Exchange (U),2349853
26-03-2024,Investors Exchange (V),2573915
26-03-2024,NASDAQ PSX (X),293338
26-03-2024,BYX Equities (Y),674947
26-03-2024,BZX Equities (Z),4795815
25-03-2024,NYSE American (A),189199
25-03-2024,NASDAQ BX (B),382852
25-03-2024,NYSE National (C),414379
25-03-2024,FINRA / Nasdaq TRF Chicago (DB),116471
25-03-2024,FINRA / NYSE TRF (DN),1014953
25-03-2024,FINRA / Nasdaq TRF Carteret (DQ),22978220
25-03-2024,MIAX Pearl (H),1126259
25-03-2024,EDGA Equities (J),1494278
25-03-2024,EDGX Equities (K),3465794
25-03-2024,LTSE (L),1164
25-03-2024,NYSE Chicago (M),155781
25-03-2024,NYSE (N),3553992
25-03-2024,NYSE Arca (P),6090327
25-03-2024,NASDAQ (Q),13742031
25-03-2024,Members Exchange (U),2101124
25-03-2024,Investors Exchange (V),2341572
25-03-2024,NASDAQ PSX (X),288008
25-03-2024,BYX Equities (Y),617203
25-03-2024,BZX Equities (Z),4579706
22-03-2024,NYSE American (A),191355
22-03-2024,NASDAQ BX (B),393533
22-03-2024,NYSE National (C),408711
22-03-2024,FINRA / Nasdaq TRF Chicago (DB),102172
22-03-2024,FINRA / NYSE TRF (DN),941994
22-03-2024,FINRA / Nasdaq TRF Carteret (DQ),22319770
22-03-2024,MIAX Pearl (H),1055792
22-03-2024,EDGA Equities (J),1517650
22-03-2024,EDGX Equities (K),3427680
22-03-2024,LTSE (L),1179
22-03-2024,NYSE Chicago (M),164830
22-03-2024,NYSE (N),3650424
22-03-2024,NYSE Arca (P),5994910
22-03-2024,NASDAQ (Q),13773458
22-03-2024,Members Exchange (U),2109815
22-03-2024,Investors Exchange (V),2426297
22-03-2024,NASDAQ PSX (X),277734
22-03-2024,BYX Equities (Y),653259
22-03-2024,BZX Equities (Z),4541553
21-03-2024,NYSE American (A),226889
21-03-2024,NASDAQ BX (B),430544
21-03-2024,NYSE National (C),450838
21-03-2024,FINRA / Nasdaq TRF Chicago (DB),121362
21-03-2024,FINRA / NYSE TRF (DN),1072933
21-03-2024,FINRA / Nasdaq TRF Carteret (DQ),25341946
21-03-2024,MIAX Pearl (H),1406921
21-03-2024,EDGA Equities (J),1819714
21-03-2024,EDGX Equities (K),4312421
21-03-2024,LTSE (L),1244
21-03-2024,NYSE Chicago (M),217335
21-03-2024,NYSE (N),4507179
21-03-2024,NYSE Arca (P),7483724
21-03-2024,NASDAQ (Q),16859568
21-03-2024,Members Exchange (U),2880992
21-03-2024,Investors Exchange (V),2867986
21-03-2024,NASDAQ PSX (X),291922
21-03-2024,BYX Equities (Y),803145
21-03-2024,BZX Equities (Z),5827768
20-03-2024,NYSE American (A),232208
20-03-2024,NASDAQ BX (B),401728
20-03-2024,NYSE National (C),433668
20-03-2024,FINRA / Nasdaq TRF Chicago (DB),109631
20-03-2024,FINRA / NYSE TRF (DN),967165
20-03-2024,FINRA / Nasdaq TRF Carteret (DQ),23615418
20-03-2024,MIAX Pearl (H),1429976
20-03-2024,EDGA Equities (J),1785290
20-03-2024,EDGX Equities (K),4317266
20-03-2024,LTSE (L),1265
20-03-2024,NYSE Chicago (M),220970
20-03-2024,NYSE (N),4484970
20-03-2024,NYSE Arca (P),7767949
20-03-2024,NASDAQ (Q),17105087
20-03-2024,Members Exchange (U),2852812
20-03-2024,Investors Exchange (V),2655989
20-03-2024,NASDAQ PSX (X),291122
20-03-2024,BYX Equities (Y),790638
20-03-2024,BZX Equities (Z),5799293
19-03-2024,NYSE American (A),190090
19-03-2024,NASDAQ BX (B),391605
19-03-2024,NYSE National (C),430491
19-03-2024,FINRA / Nasdaq TRF Chicago (DB),113673
19-03-2024,FINRA / NYSE TRF (DN),952445
19-03-2024,FINRA / Nasdaq TRF Carteret (DQ),23087081
19-03-2024,MIAX Pearl (H),1259328
19-03-2024,EDGA Equities (J),1602052
19-03-2024,EDGX Equities (K),3877768
19-03-2024,LTSE (L),1332
19-03-2024,NYSE Chicago (M),181159
19-03-2024,NYSE (N),4024244
19-03-2024,NYSE Arca (P),6900716
19-03-2024,NASDAQ (Q),15308724
19-03-2024,Members Exchange (U),2458774
19-03-2024,Investors Exchange (V),2681144
19-03-2024,NASDAQ PSX (X),295625
19-03-2024,BYX Equities (Y),714459
19-03-2024,BZX Equities (Z),5140611
18-03-2024,NYSE American (A),232280
18-03-2024,NASDAQ BX (B),425939
18-03-2024,NYSE National (C),449108
18-03-2024,FINRA / Nasdaq TRF Chicago (DB),117646
18-03-2024,FINRA / NYSE TRF (DN),1152916
18-03-2024,FINRA / Nasdaq TRF Carteret (DQ),24441668
18-03-2024,MIAX Pearl (H),1422505
18-03-2024,EDGA Equities (J),1754629
18-03-2024,EDGX Equities (K),4411293
18-03-2024,LTSE (L),1934
18-03-2024,NYSE Chicago (M),217795
18-03-2024,NYSE (N),4371560
18-03-2024,NYSE Arca (P),8117556
18-03-2024,NASDAQ (Q),13928940
18-03-2024,Members Exchange (U),2939860
18-03-2024,Investors Exchange (V),2752466
18-03-2024,NASDAQ PSX (X),306332
18-03-2024,BYX Equities (Y),755980
18-03-2024,BZX Equities (Z),6175520
15-03-2024,NYSE American (A),236363
15-03-2024,NASDAQ BX (B),468778
15-03-2024,NYSE National (C),587841
15-03-2024,FINRA / Nasdaq TRF Chicago (DB),106904
15-03-2024,FINRA / NYSE TRF (DN),1101215
15-03-2024,FINRA / Nasdaq TRF Carteret (DQ),25566744
15-03-2024,MIAX Pearl (H),1604748
15-03-2024,EDGA Equities (J),1971357
15-03-2024,EDGX Equities (K),4355155
15-03-2024,LTSE (L),1697
15-03-2024,NYSE Chicago (M),234797
15-03-2024,NYSE (N),4935313
15-03-2024,NYSE Arca (P),8179487
15-03-2024,NASDAQ (Q),18425194
15-03-2024,Members Exchange (U),3217290
15-03-2024,Investors Exchange (V),3252494
15-03-2024,NASDAQ PSX (X),282475
15-03-2024,BYX Equities (Y),930076
15-03-2024,BZX Equities (Z),6384166
14-03-2024,NYSE American (A),226828
14-03-2024,NASDAQ BX (B),506737
14-03-2024,NYSE National (C),595301
14-03-2024,FINRA / Nasdaq TRF Chicago (DB),112700
14-03-2024,FINRA / NYSE TRF (DN),1142547
14-03-2024,FINRA / Nasdaq TRF Carteret (DQ),26638104
14-03-2024,MIAX Pearl (H),1607511
14-03-2024,EDGA Equities (J),2055882
14-03-2024,EDGX Equities (K),4901662
14-03-2024,LTSE (L),1823
14-03-2024,NYSE Chicago (M),189607
14-03-2024,NYSE (N),4830090
14-03-2024,NYSE Arca (P),8623762
14-03-2024,NASDAQ (Q),18961174
14-03-2024,Members Exchange (U),3282217
14-03-2024,Investors Exchange (V),3224452
14-03-2024,NASDAQ PSX (X),303563
14-03-2024,BYX Equities (Y),900539
14-03-2024,BZX Equities (Z),6672497
13-03-2024,NYSE American (A),232882
13-03-2024,NASDAQ BX (B),469527
13-03-2024,NYSE National (C),518254
13-03-2024,FINRA / Nasdaq TRF Chicago (DB),109367
13-03-2024,FINRA / NYSE TRF (DN),1057480
13-03-2024,FINRA / Nasdaq TRF Carteret (DQ),24620393
13-03-2024,MIAX Pearl (H),1351760
13-03-2024,EDGA Equities (J),1820822
13-03-2024,EDGX Equities (K),4332734
13-03-2024,LTSE (L),2234
13-03-2024,NYSE Chicago (M),178883
13-03-2024,NYSE (N),4468671
13-03-2024,NYSE Arca (P),7781509
13-03-2024,NASDAQ (Q),16898668
13-03-2024,Members Exchange (U),3044941
13-03-2024,Investors Exchange (V),2875745
13-03-2024,NASDAQ PSX (X),285505
13-03-2024,BYX Equities (Y),781376
13-03-2024,BZX Equities (Z),5818611
12-03-2024,NYSE American (A),213451
12-03-2024,NASDAQ BX (B),434993
12-03-2024,NYSE National (C),537030
12-03-2024,FINRA / Nasdaq TRF Chicago (DB),115407
12-03-2024,FINRA / NYSE TRF (DN),1104569
12-03-2024,FINRA / Nasdaq TRF Carteret (DQ),25205520
12-03-2024,MIAX Pearl (H),1415437
12-03-2024,EDGA Equities (J),1791502
12-03-2024,EDGX Equities (K),4394614
12-03-2024,LTSE (L),1910
12-03-2024,NYSE Chicago (M),170438
12-03-2024,NYSE (N),4286719
12-03-2024,NYSE Arca (P),8032949
12-03-2024,NASDAQ (Q),16933554
12-03-2024,Members Exchange (U),3068190
12-03-2024,Investors Exchange (V),2909739
12-03-2024,NASDAQ PSX (X),281087
12-03-2024,BYX Equities (Y),771305
12-03-2024,BZX Equities (Z),5785824
11-03-2024,NYSE American (A),215366
11-03-2024,NASDAQ BX (B),446672
11-03-2024,NYSE National (C),574891
11-03-2024,FINRA / Nasdaq TRF Chicago (DB),122243
11-03-2024,FINRA / NYSE TRF (DN),1129678
11-03-2024,FINRA / Nasdaq TRF Carteret (DQ),26052189
11-03-2024,MIAX Pearl (H),1470536
11-03-2024,EDGA Equities (J),1781083
11-03-2024,EDGX Equities (K),4285326
11-03-2024,LTSE (L),2558
11-03-2024,NYSE Chicago (M),179609
11-03-2024,NYSE (N),4309046
11-03-2024,NYSE Arca (P),8010172
11-03-2024,NASDAQ (Q),17077274
11-03-2024,Members Exchange (U),3134383
11-03-2024,Investors Exchange (V),3089446
11-03-2024,NASDAQ PSX (X),275838
11-03-2024,BYX Equities (Y),828368
11-03-2024,BZX Equities (Z),5791524
08-03-2024,NYSE American (A),197425
08-03-2024,NASDAQ BX (B),474387
08-03-2024,NYSE National (C),528546
08-03-2024,FINRA / Nasdaq TRF Chicago (DB),134073
08-03-2024,FINRA / NYSE TRF (DN),1273965
08-03-2024,FINRA / Nasdaq TRF Carteret (DQ),27146091
08-03-2024,MIAX Pearl (H),1618848
08-03-2024,EDGA Equities (J),1886183
08-03-2024,EDGX Equities (K),5015819
08-03-2024,LTSE (L),1627
08-03-2024,NYSE Chicago (M),205902
08-03-2024,NYSE (N),4742713
08-03-2024,NYSE Arca (P),9086288
08-03-2024,NASDAQ (Q),19560260
08-03-2024,Members Exchange (U),3540227
08-03-2024,Investors Exchange (V),3103216
08-03-2024,NASDAQ PSX (X),297597
08-03-2024,BYX Equities (Y),850510
08-03-2024,BZX Equities (Z),6245502
07-03-2024,NYSE American (A),196115
07-03-2024,NASDAQ BX (B),475469
07-03-2024,NYSE National (C),507198
07-03-2024,FINRA / Nasdaq TRF Chicago (DB),120277
07-03-2024,FINRA / NYSE TRF (DN),1177870
07-03-2024,FINRA / Nasdaq TRF Carteret (DQ),25542662
07-03-2024,MIAX Pearl (H),1365560
07-03-2024,EDGA Equities (J),1751611
07-03-2024,EDGX Equities (K),4345058
07-03-2024,LTSE (L),2105
07-03-2024,NYSE Chicago (M),167197
07-03-2024,NYSE (N),4346302
07-03-2024,NYSE Arca (P),7939883
07-03-2024,NASDAQ (Q),17023521
07-03-2024,Members Exchange (U),3020914
07-03-2024,Investors Exchange (V),2993119
07-03-2024,NASDAQ PSX (X),260053
07-03-2024,BYX Equities (Y),764926
07-03-2024,BZX Equities (Z),5600380
06-03-2024,NYSE American (A),244701
06-03-2024,NASDAQ BX (B),497513
06-03-2024,NYSE National (C),558054
06-03-2024,FINRA / Nasdaq TRF Chicago (DB),135951
06-03-2024,FINRA / NYSE TRF (DN),1188739
06-03-2024,FINRA / Nasdaq TRF Carteret (DQ),26974895
06-03-2024,MIAX Pearl (H),1508497
06-03-2024,EDGA Equities (J),1983557
06-03-2024,EDGX Equities (K),4815215
06-03-2024,LTSE (L),1907
06-03-2024,NYSE Chicago (M),196469
06-03-2024,NYSE (N),4958581
06-03-2024,NYSE Arca (P),8804249
06-03-2024,NASDAQ (Q),18953872
06-03-2024,Members Exchange (U),3437829
06-03-2024,Investors Exchange (V),3188246
06-03-2024,NASDAQ PSX (X),274585
06-03-2024,BYX Equities (Y),857476
06-03-2024,BZX Equities (Z),6263932
05-03-2024,NYSE American (A),237723
05-03-2024,NASDAQ BX (B),495289
05-03-2024,NYSE National (C),600326
05-03-2024,FINRA / Nasdaq TRF Chicago (DB),129639
05-03-2024,FINRA / NYSE TRF (DN),1346483
05-03-2024,FINRA / Nasdaq TRF Carteret (DQ),28251243
05-03-2024,MIAX Pearl (H),1591487
05-03-2024,EDGA Equities (J),2028481
05-03-2024,EDGX Equities (K),4962613
05-03-2024,LTSE (L),1568
05-03-2024,NYSE Chicago (M),202760
05-03-2024,NYSE (N),4912515
05-03-2024,NYSE Arca (P),8887562
05-03-2024,NASDAQ (Q),18965174
05-03-2024,Members Exchange (U),3554584
05-03-2024,Investors Exchange (V),3203484
05-03-2024,NASDAQ PSX (X),321360
05-03-2024,BYX Equities (Y),893583
05-03-2024,BZX Equities (Z),6444778
04-03-2024,NYSE American (A),314287
04-03-2024,NASDAQ BX (B),479967
04-03-2024,NYSE National (C),595686
04-03-2024,FINRA / Nasdaq TRF Chicago (DB),136193
04-03-2024,FINRA / NYSE TRF (DN),1392990
04-03-2024,FINRA / Nasdaq TRF Carteret (DQ),30498469
04-03-2024,MIAX Pearl (H),1448459
04-03-2024,EDGA Equities (J),2050975
04-03-2024,EDGX Equities (K),5073353
04-03-2024,LTSE (L),1374
04-03-2024,NYSE Chicago (M),211079
04-03-2024,NYSE (N),4868936
04-03-2024,NYSE Arca (P),8803024
04-03-2024,NASDAQ (Q),18923528
04-03-2024,Members Exchange (U),3636646
04-03-2024,Investors Exchange (V),3165933
04-03-2024,NASDAQ PSX (X),290684
04-03-2024,BYX Equities (Y),879572
04-03-2024,BZX Equities (Z),6339550
01-03-2024,NYSE American (A),282028
01-03-2024,NASDAQ BX (B),481003
01-03-2024,NYSE National (C),570553
01-03-2024,FINRA / Nasdaq TRF Chicago (DB),134249
01-03-2024,FINRA / NYSE TRF (DN),1191443
01-03-2024,FINRA / Nasdaq TRF Carteret (DQ),28207812
01-03-2024,MIAX Pearl (H),1453557
01-03-2024,EDGA Equities (J),1991581
01-03-2024,EDGX Equities (K),4772922
01-03-2024,LTSE (L),1593
01-03-2024,NYSE Chicago (M),187733
01-03-2024,NYSE (N),4874230
01-03-2024,NYSE Arca (P),8118569
01-03-2024,NASDAQ (Q),17726408
01-03-2024,Members Exchange (U),3422266
01-03-2024,Investors Exchange (V),3046115
01-03-2024,NASDAQ PSX (X),322175
01-03-2024,BYX Equities (Y),883496
01-03-2024,BZX Equities (Z),6009193
29-02-2024,NYSE American (A),290263
29-02-2024,NASDAQ BX (B),470793
29-02-2024,NYSE National (C),594458
29-02-2024,FINRA / Nasdaq TRF Chicago (DB),122829
29-02-2024,FINRA / NYSE TRF (DN),1165956
29-02-2024,FINRA / Nasdaq TRF Carteret (DQ),26764849
29-02-2024,MIAX Pearl (H),1417605
29-02-2024,EDGA Equities (J),2037249
29-02-2024,EDGX Equities (K),4867750
29-02-2024,LTSE (L),1178
29-02-2024,NYSE Chicago (M),201314
29-02-2024,NYSE (N),4933350
29-02-2024,NYSE Arca (P),8406382
29-02-2024,NASDAQ (Q),18388084
29-02-2024,Members Exchange (U),3534534
29-02-2024,Investors Exchange (V),3127363
29-02-2024,NASDAQ PSX (X),343893
29-02-2024,BYX Equities (Y),954673
29-02-2024,BZX Equities (Z),6098880
28-02-2024,NYSE American (A),229987
28-02-2024,NASDAQ BX (B),448058
28-02-2024,NYSE National (C),490749
28-02-2024,FINRA / Nasdaq TRF Chicago (DB),119852
28-02-2024,FINRA / NYSE TRF (DN),1152249
28-02-2024,FINRA / Nasdaq TRF Carteret (DQ),25239280
28-02-2024,MIAX Pearl (H),1160889
28-02-2024,EDGA Equities (J),1853346
28-02-2024,EDGX Equities (K),4451084
28-02-2024,LTSE (L),970
28-02-2024,NYSE Chicago (M),166654
28-02-2024,NYSE (N),4248769
28-02-2024,NYSE Arca (P),7610132
28-02-2024,NASDAQ (Q),16265760
28-02-2024,Members Exchange (U),3177676
28-02-2024,Investors Exchange (V),2925857
28-02-2024,NASDAQ PSX (X),271121
28-02-2024,BYX Equities (Y),800937
28-02-2024,BZX Equities (Z),5358347
27-02-2024,NYSE American (A),267309
27-02-2024,NASDAQ BX (B),450318
27-02-2024,NYSE National (C),517719
27-02-2024,FINRA / Nasdaq TRF Chicago (DB),150446
27-02-2024,FINRA / NYSE TRF (DN),1100374
27-02-2024,FINRA / Nasdaq TRF Carteret (DQ),25311859
27-02-2024,MIAX Pearl (H),1275295
27-02-2024,EDGA Equities (J),1919273
27-02-2024,EDGX Equities (K),4470139
27-02-2024,LTSE (L),933
27-02-2024,NYSE Chicago (M),172519
27-02-2024,NYSE (N),4297002
27-02-2024,NYSE Arca (P),7524729
27-02-2024,NASDAQ (Q),16409807
27-02-2024,Members Exchange (U),3241094
27-02-2024,Investors Exchange (V),3015563
27-02-2024,NASDAQ PSX (X),293658
27-02-2024,BYX Equities (Y),790809
27-02-2024,BZX Equities (Z),5319299
26-02-2024,NYSE American (A),240089
26-02-2024,NASDAQ BX (B),423724
26-02-2024,NYSE National (C),545001
26-02-2024,FINRA / Nasdaq TRF Chicago (DB),141840
26-02-2024,FINRA / NYSE TRF (DN),1113449
26-02-2024,FINRA / Nasdaq TRF Carteret (DQ),25442371
26-02-2024,MIAX Pearl (H),1264994
26-02-2024,EDGA Equities (J),1786171
26-02-2024,EDGX Equities (K),4170957
26-02-2024,LTSE (L),1054
26-02-2024,NYSE Chicago (M),152705
26-02-2024,NYSE (N),4092912
26-02-2024,NYSE Arca (P),7198751
26-02-2024,NASDAQ (Q),15749556
26-02-2024,Members Exchange (U),2930147
26-02-2024,Investors Exchange (V),2865707
26-02-2024,NASDAQ PSX (X),254913
26-02-2024,BYX Equities (Y),790647
26-02-2024,BZX Equities (Z),5117388
23-02-2024,NYSE American (A),225625
23-02-2024,NASDAQ BX (B),436332
23-02-2024,NYSE National (C),522070
23-02-2024,FINRA / Nasdaq TRF Chicago (DB),147583
23-02-2024,FINRA / NYSE TRF (DN),1195900
23-02-2024,FINRA / Nasdaq TRF Carteret (DQ),24181638
23-02-2024,MIAX Pearl (H),1251623
23-02-2024,EDGA Equities (J),1785153
23-02-2024,EDGX Equities (K),4185962
23-02-2024,LTSE (L),1850
23-02-2024,NYSE Chicago (M),159541
23-02-2024,NYSE (N),4118065
23-02-2024,NYSE Arca (P),7152873
23-02-2024,NASDAQ (Q),15718236
23-02-2024,Members Exchange (U),2915002
23-02-2024,Investors Exchange (V),2853973
23-02-2024,NASDAQ PSX (X),292208
23-02-2024,BYX Equities (Y),798663
23-02-2024,BZX Equities (Z),5085918
22-02-2024,NYSE American (A),221155
22-02-2024,NASDAQ BX (B),488201
22-02-2024,NYSE National (C),601148
22-02-2024,FINRA / Nasdaq TRF Chicago (DB),135928
22-02-2024,FINRA / NYSE TRF (DN),1174086
22-02-2024,FINRA / Nasdaq TRF Carteret (DQ),26521766
22-02-2024,MIAX Pearl (H),1436228
22-02-2024,EDGA Equities (J),2052484
22-02-2024,EDGX Equities (K),4818079
22-02-2024,LTSE (L),1373
22-02-2024,NYSE Chicago (M),183672
22-02-2024,NYSE (N),4586711
22-02-2024,NYSE Arca (P),8274560
22-02-2024,NASDAQ (Q),18196081
22-02-2024,Members Exchange (U),3419900
22-02-2024,Investors Exchange (V),3194364
22-02-2024,NASDAQ PSX (X),368291
22-02-2024,BYX Equities (Y),930412
22-02-2024,BZX Equities (Z),5988280
21-02-2024,NYSE American (A),235376
21-02-2024,NASDAQ BX (B),448558
21-02-2024,NYSE National (C),527187
21-02-2024,FINRA / Nasdaq TRF Chicago (DB),126338
21-02-2024,FINRA / NYSE TRF (DN),1096932
21-02-2024,FINRA / Nasdaq TRF Carteret (DQ),23946701
21-02-2024,MIAX Pearl (H),1232805
21-02-2024,EDGA Equities (J),1780464
21-02-2024,EDGX Equities (K),4325796
21-02-2024,LTSE (L),1677
21-02-2024,NYSE Chicago (M),180604
21-02-2024,NYSE (N),4342576
21-02-2024,NYSE Arca (P),7818789
21-02-2024,NASDAQ (Q),16598711
21-02-2024,Members Exchange (U),3108032
21-02-2024,Investors Exchange (V),2829003
21-02-2024,NASDAQ PSX (X),330052
21-02-2024,BYX Equities (Y),846521
21-02-2024,BZX Equities (Z),5382735
20-02-2024,NYSE American (A),253889
20-02-2024,NASDAQ BX (B),454614
20-02-2024,NYSE National (C),571656
20-02-2024,FINRA / Nasdaq TRF Chicago (DB),131228
20-02-2024,FINRA / NYSE TRF (DN),1283459
20-02-2024,FINRA / Nasdaq TRF Carteret (DQ),26909020
20-02-2024,MIAX Pearl (H),1414873
20-02-2024,EDGA Equities (J),1946937
20-02-2024,EDGX Equities (K),4677143
20-02-2024,LTSE (L),1235
20-02-2024,NYSE Chicago (M),208298
20-02-2024,NYSE (N),4607378
20-02-2024,NYSE Arca (P),8393816
20-02-2024,NASDAQ (Q),17622345
20-02-2024,Members Exchange (U),3275134
20-02-2024,Investors Exchange (V),3207241
20-02-2024,NASDAQ PSX (X),305094
20-02-2024,BYX Equities (Y),918797
20-02-2024,BZX Equities (Z),5831237
16-02-2024,NYSE American (A),271703
16-02-2024,NASDAQ BX (B),429570
16-02-2024,NYSE National (C),504750
16-02-2024,FINRA / Nasdaq TRF Chicago (DB),125393
16-02-2024,FINRA / NYSE TRF (DN),1214954
16-02-2024,FINRA / Nasdaq TRF Carteret (DQ),24861542
16-02-2024,MIAX Pearl (H),1358598
16-02-2024,EDGA Equities (J),1847825
16-02-2024,EDGX Equities (K),4626623
16-02-2024,LTSE (L),1061
16-02-2024,NYSE Chicago (M),173363
16-02-2024,NYSE (N),4350186
16-02-2024,NYSE Arca (P),7791284
16-02-2024,NASDAQ (Q),17218425
16-02-2024,Members Exchange (U),3271442
16-02-2024,Investors Exchange (V),2926069
16-02-2024,NASDAQ PSX (X),318701
16-02-2024,BYX Equities (Y),846353
16-02-2024,BZX Equities (Z),5650884
15-02-2024,NYSE American (A),280092
15-02-2024,NASDAQ BX (B),459033
15-02-2024,NYSE National (C),571144
15-02-2024,FINRA / Nasdaq TRF Chicago (DB),127627
15-02-2024,FINRA / NYSE TRF (DN),1228045
15-02-2024,FINRA / Nasdaq TRF Carteret (DQ),25924245
15-02-2024,MIAX Pearl (H),1422867
15-02-2024,EDGA Equities (J),2004934
15-02-2024,EDGX Equities (K),4894971
15-02-2024,LTSE (L),996
15-02-2024,NYSE Chicago (M),184047
15-02-2024,NYSE (N),4731295
15-02-2024,NYSE Arca (P),8503000
15-02-2024,NASDAQ (Q),18218294
15-02-2024,Members Exchange (U),3545311
15-02-2024,Investors Exchange (V),3108669
15-02-2024,NASDAQ PSX (X),292977
15-02-2024,BYX Equities (Y),909170
15-02-2024,BZX Equities (Z),6020184
14-02-2024,NYSE American (A),212508
14-02-2024,NASDAQ BX (B),440085
14-02-2024,NYSE National (C),546369
14-02-2024,FINRA / Nasdaq TRF Chicago (DB),125343
14-02-2024,FINRA / NYSE TRF (DN),1195893
14-02-2024,FINRA / Nasdaq TRF Carteret (DQ),24516295
14-02-2024,MIAX Pearl (H),1327589
14-02-2024,EDGA Equities (J),1872838
14-02-2024,EDGX Equities (K),4403570
14-02-2024,LTSE (L),977
14-02-2024,NYSE Chicago (M),170081
14-02-2024,NYSE (N),4481337
14-02-2024,NYSE Arca (P),8012246
14-02-2024,NASDAQ (Q),17277948
14-02-2024,Members Exchange (U),3361745
14-02-2024,Investors Exchange (V),2922957
14-02-2024,NASDAQ PSX (X),299112
14-02-2024,BYX Equities (Y),919226
14-02-2024,BZX Equities (Z),5698120
13-02-2024,NYSE American (A),240298
13-02-2024,NASDAQ BX (B),536611
13-02-2024,NYSE National (C),599287
13-02-2024,FINRA / Nasdaq TRF Chicago (DB),130601
13-02-2024,FINRA / NYSE TRF (DN),1122049
13-02-2024,FINRA / Nasdaq TRF Carteret (DQ),27494105
13-02-2024,MIAX Pearl (H),1609009
13-02-2024,EDGA Equities (J),2266351
13-02-2024,EDGX Equities (K),5446976
13-02-2024,LTSE (L),746
13-02-2024,NYSE Chicago (M),241010
13-02-2024,NYSE (N),5196801
13-02-2024,NYSE Arca (P),10220855
13-02-2024,NASDAQ (Q),20581852
13-02-2024,Members Exchange (U),4111831
13-02-2024,Investors Exchange (V),3198102
13-02-2024,NASDAQ PSX (X),352953
13-02-2024,BYX Equities (Y),1106789
13-02-2024,BZX Equities (Z),7026041
12-02-2024,NYSE American (A),197506
12-02-2024,NASDAQ BX (B),415141
12-02-2024,NYSE National (C),507000
12-02-2024,FINRA / Nasdaq TRF Chicago (DB),126750
12-02-2024,FINRA / NYSE TRF (DN),1090089
12-02-2024,FINRA / Nasdaq TRF Carteret (DQ),25931038
12-02-2024,MIAX Pearl (H),1308512
12-02-2024,EDGA Equities (J),1874586
12-02-2024,EDGX Equities (K),4386137
12-02-2024,LTSE (L),778
12-02-2024,NYSE Chicago (M),189966
12-02-2024,NYSE (N),4317913
12-02-2024,NYSE Arca (P),7510095
12-02-2024,NASDAQ (Q),16917319
12-02-2024,Members Exchange (U),3209735
12-02-2024,Investors Exchange (V),2864430
12-02-2024,NASDAQ PSX (X),292526
12-02-2024,BYX Equities (Y),862202
12-02-2024,BZX Equities (Z),5708573
09-02-2024,NYSE American (A),223713
09-02-2024,NASDAQ BX (B),393267
09-02-2024,NYSE National (C),474851
09-02-2024,FINRA / Nasdaq TRF Chicago (DB),112661
09-02-2024,FINRA / NYSE TRF (DN),1014419
09-02-2024,FINRA / Nasdaq TRF Carteret (DQ),24623287
09-02-2024,MIAX Pearl (H),1306878
09-02-2024,EDGA Equities (J),1784019
09-02-2024,EDGX Equities (K),4359107
09-02-2024,LTSE (L),686
09-02-2024,NYSE Chicago (M),181774
09-02-2024,NYSE (N),4268822
09-02-2024,NYSE Arca (P),7139096
09-02-2024,NASDAQ (Q),16151971
09-02-2024,Members Exchange (U),3191595
09-02-2024,Investors Exchange (V),2815109
09-02-2024,NASDAQ PSX (X),285905
09-02-2024,BYX Equities (Y),801089
09-02-2024,BZX Equities (Z),5574013
08-02-2024,NYSE American (A),242820
08-02-2024,NASDAQ BX (B),437678
08-02-2024,NYSE National (C),550416
08-02-2024,FINRA / Nasdaq TRF Chicago (DB),111785
08-02-2024,FINRA / NYSE TRF (DN),1068661
08-02-2024,FINRA / Nasdaq TRF Carteret (DQ),24859435
08-02-2024,MIAX Pearl (H),1197168
08-02-2024,EDGA Equities (J),1979107
08-02-2024,EDGX Equities (K),4350536
08-02-2024,LTSE (L),765
08-02-2024,NYSE Chicago (M),174166
08-02-2024,NYSE (N),4459564
08-02-2024,NYSE Arca (P),7268837
08-02-2024,NASDAQ (Q),16331250
08-02-2024,Members Exchange (U),3239824
08-02-2024,Investors Exchange (V),2971976
08-02-2024,NASDAQ PSX (X),301641
08-02-2024,BYX Equities (Y),835224
08-02-2024,BZX Equities (Z),5747560
07-02-2024,NYSE American (A),252017
07-02-2024,NASDAQ BX (B),432913
07-02-2024,NYSE National (C),495890
07-02-2024,FINRA / Nasdaq TRF Chicago (DB),107555
07-02-2024,FINRA / NYSE TRF (DN),995268
07-02-2024,FINRA / Nasdaq TRF Carteret (DQ),24048984
07-02-2024,MIAX Pearl (H),1075062
07-02-2024,EDGA Equities (J),1867550
07-02-2024,EDGX Equities (K),4301062
07-02-2024,LTSE (L),961
07-02-2024,NYSE Chicago (M),177536
07-02-2024,NYSE (N),4498400
07-02-2024,NYSE Arca (P),7314275
07-02-2024,NASDAQ (Q),16243034
07-02-2024,Members Exchange (U),3258738
07-02-2024,Investors Exchange (V),2836844
07-02-2024,NASDAQ PSX (X),292436
07-02-2024,BYX Equities (Y),835449
07-02-2024,BZX Equities (Z),5542415
06-02-2024,NYSE American (A),240789
06-02-2024,NASDAQ BX (B),432477
06-02-2024,NYSE National (C),519908
06-02-2024,FINRA / Nasdaq TRF Chicago (DB),108849
06-02-2024,FINRA / NYSE TRF (DN),1013245
06-02-2024,FINRA / Nasdaq TRF Carteret (DQ),23874902
06-02-2024,MIAX Pearl (H),1062545
06-02-2024,EDGA Equities (J),1856474
06-02-2024,EDGX Equities (K),4324245
06-02-2024,LTSE (L),1031
06-02-2024,NYSE Chicago (M),179804
06-02-2024,NYSE (N),4457014
06-02-2024,NYSE Arca (P),7191548
06-02-2024,NASDAQ (Q),16168991
06-02-2024,Members Exchange (U),3215529
06-02-2024,Investors Exchange (V),2864330
06-02-2024,NASDAQ PSX (X),250529
06-02-2024,BYX Equities (Y),844549
06-02-2024,BZX Equities (Z),5420915
05-02-2024,NYSE American (A),236061
05-02-2024,NASDAQ BX (B),426329
05-02-2024,NYSE National (C),472992
05-02-2024,FINRA / Nasdaq TRF Chicago (DB),122243
05-02-2024,FINRA / NYSE TRF (DN),1042657
05-02-2024,FINRA / Nasdaq TRF Carteret (DQ),25497703
05-02-2024,MIAX Pearl (H),1040063
05-02-2024,EDGA Equities (J),1812886
05-02-2024,EDGX Equities (K),4516442
05-02-2024,LTSE (L),1372
05-02-2024,NYSE Chicago (M),226574
05-02-2024,NYSE (N),4463889
05-02-2024,NYSE Arca (P),7202278
05-02-2024,NASDAQ (Q),16383178
05-02-2024,Members Exchange (U),3123870
05-02-2024,Investors Exchange (V),2824132
05-02-2024,NASDAQ PSX (X),256024
05-02-2024,BYX Equities (Y),812674
05-02-2024,BZX Equities (Z),5462440
02-02-2024,NYSE American (A),259072
02-02-2024,NASDAQ BX (B),470317
02-02-2024,NYSE National (C),516885
02-02-2024,FINRA / Nasdaq TRF Chicago (DB),111349
02-02-2024,FINRA / NYSE TRF (DN),1002370
02-02-2024,FINRA / Nasdaq TRF Carteret (DQ),25321687
02-02-2024,MIAX Pearl (H),1293572
02-02-2024,EDGA Equities (J),1996760
02-02-2024,EDGX Equities (K),4777680
02-02-2024,LTSE (L),2182
02-02-2024,NYSE Chicago (M),231808
02-02-2024,NYSE (N),4915909
02-02-2024,NYSE Arca (P),7655355
02-02-2024,NASDAQ (Q),17852139
02-02-2024,Members Exchange (U),3582365
02-02-2024,Investors Exchange (V),2898359
02-02-2024,NASDAQ PSX (X),287214
02-02-2024,BYX Equities (Y),878564
02-02-2024,BZX Equities (Z),6064176
01-02-2024,NYSE American (A),300902
01-02-2024,NASDAQ BX (B),534269
01-02-2024,NYSE National (C),566470
01-02-2024,FINRA / Nasdaq TRF Chicago (DB),100545
01-02-2024,FINRA / NYSE TRF (DN),917131
01-02-2024,FINRA / Nasdaq TRF Carteret (DQ),26244207
01-02-2024,MIAX Pearl (H),1287664
01-02-2024,EDGA Equities (J),2239396
01-02-2024,EDGX Equities (K),4963609
01-02-2024,LTSE (L),1855
01-02-2024,NYSE Chicago (M),197715
01-02-2024,NYSE (N),4981533
01-02-2024,NYSE Arca (P),7860877
01-02-2024,NASDAQ (Q),18165136
01-02-2024,Members Exchange (U),3553164
01-02-2024,Investors Exchange (V),3286908
01-02-2024,NASDAQ PSX (X),288507
01-02-2024,BYX Equities (Y),957044
01-02-2024,BZX Equities (Z),6248608
31-01-2024,NYSE American (A),275779
31-01-2024,NASDAQ BX (B),489327
31-01-2024,NYSE National (C),547821
31-01-2024,FINRA / Nasdaq TRF Chicago (DB),119217
31-01-2024,FINRA / NYSE TRF (DN),904258
31-01-2024,FINRA / Nasdaq TRF Carteret (DQ),25077629
31-01-2024,MIAX Pearl (H),1479655
31-01-2024,EDGA Equities (J),2238278
31-01-2024,EDGX Equities (K),5013415
31-01-2024,LTSE (L),944
31-01-2024,NYSE Chicago (M),295212
31-01-2024,NYSE (N),5363266
31-01-2024,NYSE Arca (P),8370571
31-01-2024,NASDAQ (Q),19635240
31-01-2024,Members Exchange (U),3986688
31-01-2024,Investors Exchange (V),3116999
31-01-2024,NASDAQ PSX (X),306660
31-01-2024,BYX Equities (Y),973429
31-01-2024,BZX Equities (Z),6842947
30-01-2024,NYSE American (A),204188
30-01-2024,NASDAQ BX (B),433267
30-01-2024,NYSE National (C),470383
30-01-2024,FINRA / Nasdaq TRF Chicago (DB),95374
30-01-2024,FINRA / NYSE TRF (DN),902376
30-01-2024,FINRA / Nasdaq TRF Carteret (DQ),23611946
30-01-2024,MIAX Pearl (H),1083806
30-01-2024,EDGA Equities (J),1783674
30-01-2024,EDGX Equities (K),4296382
30-01-2024,LTSE (L),1431
30-01-2024,NYSE Chicago (M),204319
30-01-2024,NYSE (N),4089939
30-01-2024,NYSE Arca (P),6725823
30-01-2024,NASDAQ (Q),15003242
30-01-2024,Members Exchange (U),2926744
30-01-2024,Investors Exchange (V),2785508
30-01-2024,NASDAQ PSX (X),266481
30-01-2024,BYX Equities (Y),806806
30-01-2024,BZX Equities (Z),5298486
29-01-2024,NYSE American (A),193302
29-01-2024,NASDAQ BX (B),439417
29-01-2024,NYSE National (C),440494
29-01-2024,FINRA / Nasdaq TRF Chicago (DB),95272
29-01-2024,FINRA / NYSE TRF (DN),873122
29-01-2024,FINRA / Nasdaq TRF Carteret (DQ),23425641
29-01-2024,MIAX Pearl (H),1081240
29-01-2024,EDGA Equities (J),1472001
29-01-2024,EDGX Equities (K),4175293
29-01-2024,LTSE (L),1353
29-01-2024,NYSE Chicago (M),205064
29-01-2024,NYSE (N),3922275
29-01-2024,NYSE Arca (P),6281111
29-01-2024,NASDAQ (Q),14208420
29-01-2024,Members Exchange (U),2757432
29-01-2024,Investors Exchange (V),2638271
29-01-2024,NASDAQ PSX (X),269712
29-01-2024,BYX Equities (Y),804440
29-01-2024,BZX Equities (Z),5028783
26-01-2024,NYSE American (A),193422
26-01-2024,NASDAQ BX (B),404280
26-01-2024,NYSE National (C),466666
26-01-2024,FINRA / Nasdaq TRF Chicago (DB),84789
26-01-2024,FINRA / NYSE TRF (DN),816467
26-01-2024,FINRA / Nasdaq TRF Carteret (DQ),22003557
26-01-2024,MIAX Pearl (H),1043500
26-01-2024,EDGA Equities (J),1631712
26-01-2024,EDGX Equities (K),3928444
26-01-2024,LTSE (L),1008
26-01-2024,NYSE Chicago (M),187647
26-01-2024,NYSE (N),3811214
26-01-2024,NYSE Arca (P),6020268
26-01-2024,NASDAQ (Q),14186297
26-01-2024,Members Exchange (U),2764928
26-01-2024,Investors Exchange (V),2492604
26-01-2024,NASDAQ PSX (X),232565
26-01-2024,BYX Equities (Y),755254
26-01-2024,BZX Equities (Z),4894254
25-01-2024,NYSE American (A),213620
25-01-2024,NASDAQ BX (B),457263
25-01-2024,NYSE National (C),509414
25-01-2024,FINRA / Nasdaq TRF Chicago (DB),100875
25-01-2024,FINRA / NYSE TRF (DN),958850
25-01-2024,FINRA / Nasdaq TRF Carteret (DQ),24978531
25-01-2024,MIAX Pearl (H),1261738
25-01-2024,EDGA Equities (J),1940169
25-01-2024,EDGX Equities (K),4729742
25-01-2024,LTSE (L),846
25-01-2024,NYSE Chicago (M),211178
25-01-2024,NYSE (N),4614373
25-01-2024,NYSE Arca (P),7562726
25-01-2024,NASDAQ (Q),17031576
25-01-2024,Members Exchange (U),3303849
25-01-2024,Investors Exchange (V),2871447
25-01-2024,NASDAQ PSX (X),284046
25-01-2024,BYX Equities (Y),859396
25-01-2024,BZX Equities (Z),5882178
24-01-2024,NYSE American (A),232310
24-01-2024,NASDAQ BX (B),493196
24-01-2024,NYSE National (C),497972
24-01-2024,FINRA / Nasdaq TRF Chicago (DB),103466
24-01-2024,FINRA / NYSE TRF (DN),996251
24-01-2024,FINRA / Nasdaq TRF Carteret (DQ),24968287
24-01-2024,MIAX Pearl (H),1241187
24-01-2024,EDGA Equities (J),2015164
24-01-2024,EDGX Equities (K),4713587
24-01-2024,LTSE (L),745
24-01-2024,NYSE Chicago (M),186732
24-01-2024,NYSE (N),4345044
24-01-2024,NYSE Arca (P),7250613
24-01-2024,NASDAQ (Q),16358394
24-01-2024,Members Exchange (U),3213494
24-01-2024,Investors Exchange (V),2926184
24-01-2024,NASDAQ PSX (X),288847
24-01-2024,BYX Equities (Y),926008
24-01-2024,BZX Equities (Z),5603059
23-01-2024,NYSE American (A),199529
23-01-2024,NASDAQ BX (B),453361
23-01-2024,NYSE National (C),492131
23-01-2024,FINRA / Nasdaq TRF Chicago (DB),95500
23-01-2024,FINRA / NYSE TRF (DN),901936
23-01-2024,FINRA / Nasdaq TRF Carteret (DQ),23099581
23-01-2024,MIAX Pearl (H),1169590
23-01-2024,EDGA Equities (J),1924047
23-01-2024,EDGX Equities (K),4174899
23-01-2024,LTSE (L),1165
23-01-2024,NYSE Chicago (M),177755
23-01-2024,NYSE (N),4150285
23-01-2024,NYSE Arca (P),6538221
23-01-2024,NASDAQ (Q),15151015
23-01-2024,Members Exchange (U),2992488
23-01-2024,Investors Exchange (V),2723316
23-01-2024,NASDAQ PSX (X),259985
23-01-2024,BYX Equities (Y),834632
23-01-2024,BZX Equities (Z),5045393
22-01-2024,NYSE American (A),220729
22-01-2024,NASDAQ BX (B),474578
22-01-2024,NYSE National (C),496360
22-01-2024,FINRA / Nasdaq TRF Chicago (DB),113037
22-01-2024,FINRA / NYSE TRF (DN),988088
22-01-2024,FINRA / Nasdaq TRF Carteret (DQ),25292724
22-01-2024,MIAX Pearl (H),1303645
22-01-2024,EDGA Equities (J),1911666
22-01-2024,EDGX Equities (K),4583182
22-01-2024,LTSE (L),1028
22-01-2024,NYSE Chicago (M),184271
22-01-2024,NYSE (N),4274184
22-01-2024,NYSE Arca (P),6927048
22-01-2024,NASDAQ (Q),16058301
22-01-2024,Members Exchange (U),3259951
22-01-2024,Investors Exchange (V),2866180
22-01-2024,NASDAQ PSX (X),294293
22-01-2024,BYX Equities (Y),835138
22-01-2024,BZX Equities (Z),5552935
19-01-2024,NYSE American (A),280730
19-01-2024,NASDAQ BX (B),451006
19-01-2024,NYSE National (C),521413
19-01-2024,FINRA / Nasdaq TRF Chicago (DB),95469
19-01-2024,FINRA / NYSE TRF (DN),933055
19-01-2024,FINRA / Nasdaq TRF Carteret (DQ),24540467
19-01-2024,MIAX Pearl (H),1311067
19-01-2024,EDGA Equities (J),2008810
19-01-2024,EDGX Equities (K),4598443
19-01-2024,LTSE (L),654
19-01-2024,NYSE Chicago (M),231456
19-01-2024,NYSE (N),4387401
19-01-2024,NYSE Arca (P),6994305
19-01-2024,NASDAQ (Q),16048974
19-01-2024,Members Exchange (U),3164161
19-01-2024,Investors Exchange (V),2880229
19-01-2024,NASDAQ PSX (X),300675
19-01-2024,BYX Equities (Y),896530
19-01-2024,BZX Equities (Z),5654686
18-01-2024,NYSE American (A),227868
18-01-2024,NASDAQ BX (B),437265
18-01-2024,NYSE National (C),519614
18-01-2024,FINRA / Nasdaq TRF Chicago (DB),90564
18-01-2024,FINRA / NYSE TRF (DN),933382
18-01-2024,FINRA / Nasdaq TRF Carteret (DQ),24078846
18-01-2024,MIAX Pearl (H),1269635
18-01-2024,EDGA Equities (J),1946771
18-01-2024,EDGX Equities (K),4458257
18-01-2024,LTSE (L),973
18-01-2024,NYSE Chicago (M),204652
18-01-2024,NYSE (N),4381363
18-01-2024,NYSE Arca (P),6997179
18-01-2024,NASDAQ (Q),15883267
18-01-2024,Members Exchange (U),3077917
18-01-2024,Investors Exchange (V),2837355
18-01-2024,NASDAQ PSX (X),268266
18-01-2024,BYX Equities (Y),827186
18-01-2024,BZX Equities (Z),5403930
17-01-2024,NYSE American (A),232313
17-01-2024,NASDAQ BX (B),440764
17-01-2024,NYSE National (C),494936
17-01-2024,FINRA / Nasdaq TRF Chicago (DB),93123
17-01-2024,FINRA / NYSE TRF (DN),894353
17-01-2024,FINRA / Nasdaq TRF Carteret (DQ),24070056
17-01-2024,MIAX Pearl (H),1257738
17-01-2024,EDGA Equities (J),1957271
17-01-2024,EDGX Equities (K),4376528
17-01-2024,LTSE (L),899
17-01-2024,NYSE Chicago (M),216169
17-01-2024,NYSE (N),4373620
17-01-2024,NYSE Arca (P),6884158
17-01-2024,NASDAQ (Q),15550198
17-01-2024,Members Exchange (U),3009945
17-01-2024,Investors Exchange (V),2859391
17-01-2024,NASDAQ PSX (X),270954
17-01-2024,BYX Equities (Y),880815
17-01-2024,BZX Equities (Z),5497654
16-01-2024,NYSE American (A),266518
16-01-2024,NASDAQ BX (B),477102
16-01-2024,NYSE National (C),523556
16-01-2024,FINRA / Nasdaq TRF Chicago (DB),103745
16-01-2024,FINRA / NYSE TRF (DN),994591
16-01-2024,FINRA / Nasdaq TRF Carteret (DQ),26004315
16-01-2024,MIAX Pearl (H),1449529
16-01-2024,EDGA Equities (J),2045748
16-01-2024,EDGX Equities (K),4773420
16-01-2024,LTSE (L),1202
16-01-2024,NYSE Chicago (M),197386
16-01-2024,NYSE (N),4476303
16-01-2024,NYSE Arca (P),7232672
16-01-2024,NASDAQ (Q),16455984
16-01-2024,Members Exchange (U),3026526
16-01-2024,Investors Exchange (V),3033101
16-01-2024,NASDAQ PSX (X),312817
16-01-2024,BYX Equities (Y),894731
16-01-2024,BZX Equities (Z),5743604
12-01-2024,NYSE American (A),245431
12-01-2024,NASDAQ BX (B),395611
12-01-2024,NYSE National (C),491245
12-01-2024,FINRA / Nasdaq TRF Chicago (DB),80872
12-01-2024,FINRA / NYSE TRF (DN),897696
12-01-2024,FINRA / Nasdaq TRF Carteret (DQ),21937163
12-01-2024,MIAX Pearl (H),1285999
12-01-2024,EDGA Equities (J),1724487
12-01-2024,EDGX Equities (K),4043155
12-01-2024,LTSE (L),1106
12-01-2024,NYSE Chicago (M),159923
12-01-2024,NYSE (N),3857785
12-01-2024,NYSE Arca (P),6190565
12-01-2024,NASDAQ (Q),13890822
12-01-2024,Members Exchange (U),2658054
12-01-2024,Investors Exchange (V),2568874
12-01-2024,NASDAQ PSX (X),266841
12-01-2024,BYX Equities (Y),747084
12-01-2024,BZX Equities (Z),4898847
11-01-2024,NYSE American (A),250876
11-01-2024,NASDAQ BX (B),483830
11-01-2024,NYSE National (C),553709
11-01-2024,FINRA / Nasdaq TRF Chicago (DB),103138
11-01-2024,FINRA / NYSE TRF (DN),975526
11-01-2024,FINRA / Nasdaq TRF Carteret (DQ),23750223
11-01-2024,MIAX Pearl (H),1428312
11-01-2024,EDGA Equities (J),2031233
11-01-2024,EDGX Equities (K),4564885
11-01-2024,LTSE (L),909
11-01-2024,NYSE Chicago (M),171749
11-01-2024,NYSE (N),4331744
11-01-2024,NYSE Arca (P),7099395
11-01-2024,NASDAQ (Q),16136917
11-01-2024,Members Exchange (U),3062539
11-01-2024,Investors Exchange (V),2796651
11-01-2024,NASDAQ PSX (X),341560
11-01-2024,BYX Equities (Y),847711
11-01-2024,BZX Equities (Z),5596557
10-01-2024,NYSE American (A),212090
10-01-2024,NASDAQ BX (B),427689
10-01-2024,NYSE National (C),531256
10-01-2024,FINRA / Nasdaq TRF Chicago (DB),91010
10-01-2024,FINRA / NYSE TRF (DN),880994
10-01-2024,FINRA / Nasdaq TRF Carteret (DQ),22511960
10-01-2024,MIAX Pearl (H),1270130
10-01-2024,EDGA Equities (J),1855042
10-01-2024,EDGX Equities (K),4004621
10-01-2024,LTSE (L),1055
10-01-2024,NYSE Chicago (M),155566
10-01-2024,NYSE (N),3916938
10-01-2024,NYSE Arca (P),6171623
10-01-2024,NASDAQ (Q),14581178
10-01-2024,Members Exchange (U),2682853
10-01-2024,Investors Exchange (V),2734965
10-01-2024,NASDAQ PSX (X),296720
10-01-2024,BYX Equities (Y),768710
10-01-2024,BZX Equities (Z),4884922
09-01-2024,NYSE American (A),236337
09-01-2024,NASDAQ BX (B),437777
09-01-2024,NYSE National (C),499469
09-01-2024,FINRA / Nasdaq TRF Chicago (DB),87693
09-01-2024,FINRA / NYSE TRF (DN),885606
09-01-2024,FINRA / Nasdaq TRF Carteret (DQ),22330030
09-01-2024,MIAX Pearl (H),1281838
09-01-2024,EDGA Equities (J),1860158
09-01-2024,EDGX Equities (K),4127066
09-01-2024,LTSE (L),931
09-01-2024,NYSE Chicago (M),166662
09-01-2024,NYSE (N),4030821
09-01-2024,NYSE Arca (P),6287898
09-01-2024,NASDAQ (Q),14880019
09-01-2024,Members Exchange (U),2679991
09-01-2024,Investors Exchange (V),2617541
09-01-2024,NASDAQ PSX (X),288739
09-01-2024,BYX Equities (Y),753100
09-01-2024,BZX Equities (Z),4986510
08-01-2024,NYSE American (A),212136
08-01-2024,NASDAQ BX (B),446818
08-01-2024,NYSE National (C),502750
08-01-2024,FINRA / Nasdaq TRF Chicago (DB),98358
08-01-2024,FINRA / NYSE TRF (DN),902239
08-01-2024,FINRA / Nasdaq TRF Carteret (DQ),23555472
08-01-2024,MIAX Pearl (H),1360013
08-01-2024,EDGA Equities (J),1874737
08-01-2024,EDGX Equities (K),4310057
08-01-2024,LTSE (L),726
08-01-2024,NYSE Chicago (M),161781
08-01-2024,NYSE (N),4118886
08-01-2024,NYSE Arca (P),6604102
08-01-2024,NASDAQ (Q),15284566
08-01-2024,Members Exchange (U),2910425
08-01-2024,Investors Exchange (V),2736582
08-01-2024,NASDAQ PSX (X),313495
08-01-2024,BYX Equities (Y),793860
08-01-2024,BZX Equities (Z),5266265
05-01-2024,NYSE American (A),202724
05-01-2024,NASDAQ BX (B),448874
05-01-2024,NYSE National (C),497005
05-01-2024,FINRA / Nasdaq TRF Chicago (DB),83616
05-01-2024,FINRA / NYSE TRF (DN),843160
05-01-2024,FINRA / Nasdaq TRF Carteret (DQ),21945392
05-01-2024,MIAX Pearl (H),1119500
05-01-2024,EDGA Equities (J),1775680
05-01-2024,EDGX Equities (K),3985944
05-01-2024,LTSE (L),704
05-01-2024,NYSE Chicago (M),165618
05-01-2024,NYSE (N),4205464
05-01-2024,NYSE Arca (P),6583666
05-01-2024,NASDAQ (Q),15122115
05-01-2024,Members Exchange (U),2953509
05-01-2024,Investors Exchange (V),2649358
05-01-2024,NASDAQ PSX (X),294928
05-01-2024,BYX Equities (Y),795759
05-01-2024,BZX Equities (Z),5007691
04-01-2024,NYSE American (A),204182
04-01-2024,NASDAQ BX (B),427515
04-01-2024,NYSE National (C),522841
04-01-2024,FINRA / Nasdaq TRF Chicago (DB),81180
04-01-2024,FINRA / NYSE TRF (DN),837171
04-01-2024,FINRA / Nasdaq TRF Carteret (DQ),22702529
04-01-2024,MIAX Pearl (H),1132136
04-01-2024,EDGA Equities (J),1778102
04-01-2024,EDGX Equities (K),4215415
04-01-2024,LTSE (L),1013
04-01-2024,NYSE Chicago (M),170186
04-01-2024,NYSE (N),4205198
04-01-2024,NYSE Arca (P),6683599
04-01-2024,NASDAQ (Q),15037007
04-01-2024,Members Exchange (U),2996041
04-01-2024,Investors Exchange (V),2623451
04-01-2024,NASDAQ PSX (X),273971
04-01-2024,BYX Equities (Y),833544
04-01-2024,BZX Equities (Z),5317390
03-01-2024,NYSE American (A),257577
03-01-2024,NASDAQ BX (B),503391
03-01-2024,NYSE National (C),568838
03-01-2024,FINRA / Nasdaq TRF Chicago (DB),97182
03-01-2024,FINRA / NYSE TRF (DN),979330
03-01-2024,FINRA / Nasdaq TRF Carteret (DQ),24470667
03-01-2024,MIAX Pearl (H),1378348
03-01-2024,EDGA Equities (J),1965266
03-01-2024,EDGX Equities (K),4619164
03-01-2024,LTSE (L),505
03-01-2024,NYSE Chicago (M),186216
03-01-2024,NYSE (N),4704837
03-01-2024,NYSE Arca (P),7662269
03-01-2024,NASDAQ (Q),16991008
03-01-2024,Members Exchange (U),3324249
03-01-2024,Investors Exchange (V),2811987
03-01-2024,NASDAQ PSX (X),292534
03-01-2024,BYX Equities (Y),882632
03-01-2024,BZX Equities (Z),5844596
02-01-2024,NYSE American (A),283956
02-01-2024,NASDAQ BX (B),492649
02-01-2024,NYSE National (C),539577
02-01-2024,FINRA / Nasdaq TRF Chicago (DB),105765
02-01-2024,FINRA / NYSE TRF (DN),1026229
02-01-2024,FINRA / Nasdaq TRF Carteret (DQ),25832855
02-01-2024,MIAX Pearl (H),1372163
02-01-2024,EDGA Equities (J),1916889
02-01-2024,EDGX Equities (K),4659827
02-01-2024,LTSE (L),711
02-01-2024,NYSE Chicago (M),192218
02-01-2024,NYSE (N),4581050
02-01-2024,NYSE Arca (P),7531202
02-01-2024,NASDAQ (Q),16723986
02-01-2024,Members Exchange (U),3202571
02-01-2024,Investors Exchange (V),2752154
02-01-2024,NASDAQ PSX (X),300980
02-01-2024,BYX Equities (Y),823968
02-01-2024,BZX Equities (Z),5784243
