,Count,Mean,Std,Min,Max,,,,,
Customer_ID,1000,500.5,288.8194361,1,1000,,,,,
Click_Through_Rate,1000,0.490256553,0.292137362,0.004632023,0.999717673,,,,,
Conversion_Rate,1000,0.507017305,0.292189893,0.003218264,0.999413726,,,,,
Purchase_History,1000,48.745,28.12829849,0,99,,,,,
Product_Affinity_Score,1000,5.509,2.893491194,1,10,,,,,
Average_Order_Value,1000,271.9964883,131.3573964,50.08393768,498.93027,,,,,
Age,1000,43.069,14.76462777,18,69,,,,,
Income,1000,108539.8897,52066.58355,20112.95299,199972.864,,,,,
Time_on_Site,1000,29.70790194,16.62491833,1.014333132,59.76475422,,,,,
Number_of_Sessions,1000,10.097,5.451725627,1,19,,,,,
Loyalty_Score,1000,5.475,2.896163456,1,10,,,,,
Recency_of_Purchase,1000,177.644,105.7731309,1,364,,,,,
Frequency_of_Purchase,1000,4.902514429,2.888165212,0.013336395,9.988448272,,,,,
Email_Open_Rate,1000,0.497012932,0.292289088,0.000309732,0.999924827,,,,,
Customer_Satisfaction_Score,1000,5.555,2.900929229,1,10,,,,,
,,,,,,,,,,
,,,,,,,,,,
"Frequency Tables for Categorical Variables	",,,,,,,,,,
,,,,,,,,,,
Gender,Account_Type,Preferred_Products,Device_Type,Location,Discount_Used,Preferred_Payment_Method,Social_Media_Engagement,Referral_Source,,
Female: 343,Checking: 507,Credit Card: 230,Desktop: 507,CA: 214,Yes: 506,Bank Transfer: 265,No: 513,Online Ad: 271,,
Male: 330,Savings: 493,Investment: 211,Mobile: 493,FL: 212,No: 494,Cash: 261,Yes: 487,Other: 261,,
Other: 327,,Mortgage: 201,,NY: 196,,Credit Card: 244,,Social Media: 247,,
,,Loan: 184,,TX: 195,,Debit Card: 230,,Friend: 221,,
,,Insurance: 174,,IL: 183,,,,,,
